,Dependents,ApplicantIncome,CoapplicantIncome,LoanAmount,Loan_Amount_Term,Credit_History,Loan_Status,Gender_Female,Gender_Male,Married_No,Married_Yes,Education_Graduate,Education_Not Graduate,Self_Employed_No,Self_Employed_Yes,Property_Area_Rural,Property_Area_Semiurban,Property_Area_Urban
0,0.0,17.0818398021309,0.0,0.42759259687769974,1.051369863013699,1.0,1,0,1,1,0,1,0,1,0,0,0,1
1,0.002920471841704719,13.384522450532728,4.404071537290717,0.373820395738204,1.051369863013699,1.0,0,0,1,0,1,1,0,1,0,1,0,0
2,0.0,8.761415525114158,0.0,0.19275114155251144,1.051369863013699,1.0,1,0,1,0,1,1,0,0,1,0,0,1
3,0.0,7.5435787671232895,6.886472602739728,0.35045662100456626,1.051369863013699,1.0,1,0,1,0,1,0,1,1,0,0,0,1
4,0.0,17.522831050228316,0.0,0.41178652968036533,1.051369863013699,1.0,1,0,1,1,0,1,0,1,0,0,0,1
5,0.005840943683409438,15.82019596651446,12.254299847793002,0.77976598173516,1.051369863013699,1.0,1,0,1,0,1,1,0,0,1,0,0,1
6,0.0,6.81346080669711,4.427435312024354,0.2774448249619483,1.051369863013699,1.0,1,0,1,0,1,0,1,1,0,0,0,1
7,0.008761415525114157,8.866552511415527,7.312861491628617,0.4614345509893456,1.051369863013699,0.0,0,0,1,0,1,1,0,1,0,0,1,0
8,0.005840943683409438,11.699410197869106,4.4566400304414024,0.4906392694063928,1.051369863013699,1.0,1,0,1,0,1,1,0,1,0,0,0,1
9,0.002920471841704719,37.50177891933029,32.03173515981736,1.019244672754947,1.051369863013699,1.0,0,0,1,0,1,1,0,1,0,0,1,0
10,0.005840943683409438,9.345509893455102,2.0443302891933035,0.20443302891933032,1.051369863013699,1.0,1,0,1,0,1,1,0,1,0,0,0,1
11,0.005840943683409438,7.301179604261799,5.373668188736683,0.3183314307458143,1.051369863013699,1.0,1,0,1,0,1,1,0,1,0,0,0,1
12,0.005840943683409438,8.974609969558601,23.67334474885845,0.5840943683409439,1.051369863013699,1.0,1,0,1,0,1,1,0,1,0,0,0,1
13,0.0,5.411634322678844,8.294140030441403,0.332933789954338,1.051369863013699,1.0,0,0,1,1,0,1,0,1,0,1,0,0
14,0.005840943683409438,3.79369292237443,3.1716324200913246,0.049648021308980224,0.35045662100456626,1.0,1,0,1,0,1,1,0,1,0,0,0,1
15,0.0,14.456335616438361,0.0,0.36505898021308986,1.051369863013699,1.0,1,0,1,1,0,1,0,1,0,0,0,1
16,0.002920471841704719,10.502016742770168,0.0,0.29204718417047193,0.7009132420091325,1.0,1,0,1,1,0,0,1,1,0,0,0,1
17,0.0,10.250856164383565,0.0,0.22195585996955863,1.051369863013699,0.0,0,1,0,1,0,1,0,1,0,0,0,1
18,0.0,14.27234589041096,0.0,0.3884227549467277,1.051369863013699,1.0,0,0,1,0,1,0,1,1,0,1,0,0
19,0.0,7.593226788432268,10.221651445966518,0.33585426179604266,1.051369863013699,1.0,1,0,1,0,1,1,0,1,0,0,0,1
20,0.0,22.370814307458147,0.0,0.3037290715372908,1.051369863013699,0.0,0,0,1,0,1,0,1,1,0,0,0,1
21,0.002920471841704719,17.3914098173516,16.427654109589046,0.9199486301369866,1.051369863013699,1.0,1,0,1,0,1,1,0,1,0,0,0,1
22,0.0,7.593226788432268,5.581021689497718,0.3387747336377474,1.051369863013699,0.0,0,0,1,0,1,0,1,1,0,0,1,0
23,0.005840943683409438,9.82738774733638,5.598544520547946,0.32709284627092855,1.051369863013699,0.0,0,0,1,0,1,0,1,1,0,1,0,0
24,0.002920471841704719,10.85539383561644,8.542380136986305,0.44099124809741247,1.051369863013699,1.0,0,0,1,0,1,1,0,1,0,0,1,0
25,0.0,27.91971080669712,0.0,0.5578101217656014,1.051369863013699,1.0,1,0,1,0,1,1,0,0,1,0,1,0
26,0.0,8.174400684931507,6.5798230593607325,0.3562975646879758,1.051369863013699,1.0,1,0,1,0,1,1,0,1,0,0,1,0
27,0.005840943683409438,12.341914003044144,3.037290715372907,0.321251902587519,1.051369863013699,1.0,1,0,1,0,1,0,1,1,0,0,0,1
28,0.0,4.211320395738205,0.0,0.10221651445966516,1.051369863013699,1.0,0,0,1,1,0,0,1,1,0,0,0,1
29,0.005840943683409438,10.951769406392696,6.08334284627093,0.35045662100456626,1.051369863013699,1.0,1,1,0,1,0,1,0,1,0,0,1,0
30,0.002920471841704719,12.16668569254186,9.839069634703197,0.5870148401826487,1.051369863013699,1.0,0,0,1,0,1,1,0,1,0,0,0,1
31,0.0,9.249134322678845,0.0,0.21611491628614918,1.051369863013699,1.0,0,0,1,1,0,1,0,1,0,0,0,1
32,0.002920471841704719,13.702853881278543,0.0,0.3095700152207002,1.051369863013699,1.0,0,0,1,1,0,1,0,0,1,1,0,0
33,0.0,10.221651445966518,4.868426560121767,0.332933789954338,1.051369863013699,1.0,1,0,1,0,1,1,0,1,0,0,1,0
34,0.008761415525114157,36.50589802130899,8.761415525114158,0.93455098934551,1.051369863013699,1.0,0,0,1,1,0,1,0,1,0,1,0,0
35,0.0,6.644073439878236,6.036615296803654,0.42759259687769974,1.051369863013699,1.0,1,0,1,0,1,1,0,1,0,0,0,1
36,0.0,5.338622526636226,3.884227549467276,0.29204718417047193,1.051369863013699,0.0,0,0,1,0,1,1,0,1,0,0,0,1
37,0.0,10.709370243531202,4.260968417047184,0.42054794520547956,1.051369863013699,1.0,1,1,0,0,1,1,0,1,0,0,1,0
38,0.0,12.16668569254186,21.056601978691024,0.5373668188736683,1.051369863013699,1.0,1,0,1,1,0,1,0,1,0,0,0,1
39,0.0,10.945928462709288,4.871347031963471,0.321251902587519,1.051369863013699,1.0,1,0,1,1,0,0,1,1,0,0,1,0
40,0.0,10.513698630136988,0.0,0.2336377473363775,1.051369863013699,1.0,0,0,1,1,0,1,0,1,0,0,0,1
41,0.0,5.256849315068494,3.5425323439878236,0.1372621765601218,1.051369863013699,1.0,1,0,1,1,0,1,0,1,0,0,0,1
42,0.0,7.009132420091326,0.0,0.21903538812785395,1.051369863013699,1.0,1,0,1,0,1,1,0,1,0,0,0,1
43,0.0,11.509579528158298,6.822222222222224,0.3913432267884323,1.051369863013699,1.0,1,0,1,0,1,1,0,1,0,0,1,0
44,0.0,13.711615296803657,0.0,0.280365296803653,1.051369863013699,1.0,1,0,1,0,1,0,1,0,1,0,0,1
45,0.0,9.958808980213092,0.0,0.25700152207001525,1.051369863013699,1.0,1,1,0,1,0,1,0,1,0,0,0,1
46,0.002920471841704719,16.49774543378996,0.0,0.12850076103500763,1.051369863013699,1.0,1,0,1,0,1,1,0,1,0,0,0,1
47,0.0,17.00006659056317,0.0,0.42054794520547956,1.051369863013699,1.0,1,0,1,0,1,1,0,1,0,0,0,1
48,0.0,7.7246480213089805,10.046423135464233,0.35045662100456626,1.051369863013699,0.0,0,1,0,0,1,1,0,1,0,0,0,1
49,0.0,11.681887366818875,6.644073439878236,0.42054794520547956,1.051369863013699,1.0,1,1,0,1,0,1,0,1,0,0,1,0
50,0.0,5.630669710806697,4.801255707762558,0.29204718417047193,1.051369863013699,1.0,1,1,0,0,1,0,1,1,0,0,1,0
51,0.0,9.012576103500763,0.0,0.35045662100456626,1.051369863013699,1.0,1,1,0,1,0,1,0,1,0,0,1,0
52,0.0,12.353595890410961,0.0,0.32709284627092855,1.051369863013699,1.0,0,1,0,1,0,1,0,1,0,0,1,0
53,0.005840943683409438,13.480898021308985,0.0,0.3913432267884323,1.051369863013699,1.0,0,0,1,0,1,1,0,1,0,0,0,1
54,0.002920471841704719,33.58542617960427,0.0,0.8352549467275497,1.051369863013699,0.0,0,1,0,0,1,1,0,0,1,0,0,1
55,0.005840943683409438,7.908637747336378,3.408190639269407,0.2832857686453577,1.051369863013699,1.0,1,0,1,0,1,1,0,1,0,0,1,0
56,0.0,6.226445966514461,4.646470700152208,0.280365296803653,1.051369863013699,1.0,1,0,1,0,1,1,0,1,0,0,1,0
57,0.0,9.830308219178086,6.4250380517503825,0.3942636986301371,1.051369863013699,1.0,0,0,1,0,1,1,0,1,0,1,0,0
58,0.002920471841704719,23.59741248097413,6.571061643835618,0.5256849315068495,1.051369863013699,1.0,1,0,1,0,1,1,0,1,0,0,0,1
59,0.005840943683409438,9.804023972602742,8.349628995433791,0.42054794520547956,1.051369863013699,1.0,1,0,1,0,1,0,1,1,0,0,0,1
60,0.0,7.301179604261799,11.086111111111114,0.35045662100456626,1.051369863013699,1.0,1,0,1,0,1,1,0,1,0,0,0,1
61,0.008761415525114157,8.846109208523593,0.0,0.28912671232876713,1.051369863013699,1.0,1,0,1,0,1,1,0,1,0,0,0,1
62,0.0,7.619511035007611,10.072707382039574,0.48187785388127863,0.5256849315068495,0.0,0,0,1,0,1,0,1,0,1,1,0,0
63,0.002920471841704719,14.441733257229837,0.0,0.42759259687769974,1.051369863013699,0.0,0,0,1,0,1,1,0,1,0,1,0,0
64,0.0,12.16668569254186,0.0,0.3387747336377474,1.051369863013699,0.0,0,1,0,1,0,1,0,1,0,0,1,0
65,0.0,16.72262176560122,13.419568112633183,0.7534817351598174,1.051369863013699,1.0,0,0,1,0,1,1,0,1,0,0,1,0
66,0.0,9.345509893455102,6.5827435312024365,0.36797945205479465,0.5256849315068495,0.0,0,0,1,1,0,0,1,1,0,0,0,1
67,0.002920471841704719,31.395072298325733,0.0,0.9111872146118724,1.051369863013699,1.0,1,0,1,0,1,1,0,1,0,0,0,1
68,0.008761415525114157,20.7353500761035,0.0,0.36505898021308986,0.17522831050228313,1.0,1,0,1,0,1,0,1,0,1,0,0,1
69,0.0,12.558028919330292,0.0,0.3971841704718418,1.051369863013699,0.0,0,1,0,1,0,1,0,1,0,0,1,0
70,0.0,9.368873668188739,8.954166666666667,0.5023211567732117,1.051369863013699,1.0,1,0,1,0,1,1,0,1,0,0,0,1
71,0.005840943683409438,5.475884703196348,5.475884703196348,0.2832857686453577,1.051369863013699,1.0,1,0,1,0,1,0,1,0,1,0,1,0
72,0.0,10.221651445966518,0.0,0.23655821917808226,0.8761415525114158,1.0,1,0,1,1,0,1,0,1,0,0,1,0
73,0.008761415525114157,13.88684360730594,0.0,0.2774448249619483,1.051369863013699,0.0,0,0,1,0,1,0,1,1,0,0,1,0
74,0.008761415525114157,15.37920471841705,5.180917047184172,0.5461282343987824,1.051369863013699,1.0,1,0,1,0,1,1,0,0,1,0,1,0
75,0.0,10.951769406392696,0.0,0.33001331811263324,1.401826484018265,1.0,0,0,1,1,0,1,0,1,0,0,0,1
76,0.0,10.951769406392696,13.872241248097415,0.5140030441400305,1.051369863013699,1.0,0,0,1,1,0,1,0,1,0,0,0,1
77,0.002920471841704719,2.920471841704719,8.82566590563166,0.321251902587519,1.051369863013699,1.0,0,0,1,0,1,1,0,0,1,0,0,1
78,0.008761415525114157,9.249134322678845,11.681887366818875,0.5256849315068495,0.8761415525114158,0.0,0,0,1,0,1,1,0,1,0,0,1,0
79,0.008761415525114157,9.73393264840183,6.325742009132422,0.3796613394216134,1.051369863013699,1.0,1,0,1,0,1,0,1,0,1,0,1,0
80,0.0,11.232134703196348,0.0,0.3241723744292238,1.051369863013699,1.0,1,1,0,1,0,1,0,1,0,0,1,0
81,0.002920471841704719,6.994530060882803,0.0,0.42759259687769974,1.051369863013699,1.0,1,0,1,0,1,1,0,0,1,0,1,0
82,0.005840943683409438,4.024410197869102,5.493407534246575,0.487718797564688,1.051369863013699,1.0,0,1,0,0,1,1,0,1,0,0,0,1
83,0.0,17.522831050228316,6.571061643835618,0.7739250380517506,1.051369863013699,1.0,0,0,1,0,1,1,0,1,0,0,1,0
84,0.002920471841704719,11.64684170471842,0.0,0.14602359208523596,0.7009132420091325,1.0,1,0,1,0,1,1,0,1,0,0,0,1
85,0.0,6.909836377473366,7.391714231354644,0.3971841704718418,1.051369863013699,1.0,1,0,1,1,0,1,0,1,0,0,1,0
86,0.005840943683409438,9.73393264840183,5.840943683409438,0.28912671232876713,1.051369863013699,1.0,1,0,1,0,1,0,1,1,0,0,1,0
87,0.0,7.301179604261799,6.185559360730595,0.3037290715372908,1.051369863013699,1.0,1,0,1,0,1,1,0,1,0,0,1,0
88,0.0,25.016761796042623,0.0,0.613299086757991,1.051369863013699,1.0,1,0,1,1,0,1,0,1,0,0,0,1
89,0.0,16.632087138508375,12.169606164383563,0.5110825722983259,1.051369863013699,1.0,1,0,1,0,1,1,0,1,0,0,1,0
90,0.0,8.638755707762558,8.469368340943683,0.38258181126331825,1.051369863013699,1.0,1,0,1,0,1,1,0,1,0,0,1,0
91,0.005840943683409438,18.252949010654493,16.512347792998483,0.5490487062404872,0.5256849315068495,1.0,1,0,1,0,1,1,0,1,0,0,1,0
92,0.005840943683409438,9.558704337899547,5.31525875190259,0.23655821917808226,1.051369863013699,1.0,1,0,1,0,1,0,1,1,0,0,0,1
93,0.0,12.070310121765605,0.0,0.3562975646879758,1.051369863013699,1.0,1,0,1,1,0,1,0,1,0,0,1,0
94,0.0,10.572108066971085,0.0,0.07301179604261798,0.35045662100456626,1.0,1,0,1,1,0,0,1,1,0,0,1,0
95,0.0,19.806640030441404,0.0,0.42759259687769974,1.051369863013699,1.0,0,0,1,1,0,1,0,1,0,0,0,1
96,0.0,7.254452054794522,6.722926179604263,0.4001046423135465,1.051369863013699,1.0,1,1,0,0,1,1,0,1,0,0,1,0
97,0.0,5.7737728310502305,2.911710426179605,0.14602359208523596,1.051369863013699,1.0,1,0,1,0,1,1,0,1,0,0,1,0
98,0.0,12.230936073059365,0.0,0.33585426179604266,0.5256849315068495,1.0,1,0,1,0,1,0,1,1,0,0,1,0
99,0.0,5.137109969558601,10.34139079147641,0.38258181126331825,1.051369863013699,1.0,1,0,1,0,1,1,0,1,0,0,1,0
100,0.005840943683409438,12.522983257229834,9.5294996194825,0.3884227549467277,0.5256849315068495,1.0,1,0,1,0,1,0,1,1,0,0,0,1
101,0.0,14.143845129375952,11.11531582952816,0.44099124809741247,1.051369863013699,1.0,1,0,1,1,0,1,0,1,0,0,1,0
102,0.0,39.86444063926941,0.0,0.42759259687769974,1.051369863013699,1.0,1,0,1,0,1,1,0,1,0,0,0,1
103,0.0,13.586035007610352,10.464050608828009,0.42759259687769974,1.051369863013699,1.0,1,0,1,0,1,1,0,1,0,0,1,0
104,0.0,11.144520547945207,2.2020357686453584,0.467275494672755,1.051369863013699,1.0,1,0,1,0,1,1,0,1,0,0,0,1
105,0.002920471841704719,8.913280060882805,3.0080859969558604,0.29204718417047193,1.051369863013699,1.0,1,0,1,0,1,1,0,1,0,0,0,1
106,0.005840943683409438,33.34302701674278,3.2884512937595134,0.6571061643835617,1.051369863013699,1.0,1,0,1,0,1,1,0,1,0,0,0,1
107,0.0,21.415820015220707,0.0,0.35045662100456626,1.051369863013699,1.0,0,0,1,1,0,0,1,1,0,1,0,0
108,0.005840943683409438,11.09779299847793,10.513698630136988,0.6308219178082193,1.051369863013699,0.0,0,0,1,0,1,1,0,1,0,0,0,1
109,0.008761415525114157,6.048297184170473,2.2020357686453584,0.2745243531202436,1.401826484018265,1.0,1,0,1,0,1,0,1,1,0,0,1,0
110,0.0,15.525228310502285,0.0,0.3971841704718418,1.051369863013699,1.0,1,0,1,1,0,1,0,1,0,0,0,1
111,0.0,8.554062024353122,6.81346080669711,0.4059455859969559,1.051369863013699,1.0,1,1,0,0,1,1,0,1,0,0,1,0
112,0.0,10.431925418569255,12.01482115677321,0.44391171993911727,1.051369863013699,0.0,0,0,1,0,1,0,1,1,0,1,0,0
113,0.002920471841704719,21.76043569254186,0.0,0.42759259687769974,1.051369863013699,1.0,1,1,0,1,0,1,0,0,1,0,1,0
114,0.0,14.748382800608828,0.0,0.34461567732115683,1.051369863013699,1.0,1,0,1,1,0,1,0,1,0,0,1,0
115,0.002920471841704719,42.58924086757992,0.0,0.540287290715373,0.5256849315068495,1.0,1,0,1,0,1,1,0,1,0,1,0,0
116,0.0,9.249134322678845,6.667437214611874,0.4497526636225268,1.051369863013699,1.0,1,1,0,0,1,1,0,1,0,0,1,0
117,0.002920471841704719,6.465924657534248,4.082819634703197,0.24824010654490114,1.051369863013699,1.0,1,0,1,0,1,1,0,1,0,0,0,1
118,0.0,16.261187214611876,6.255650684931507,0.5110825722983259,1.051369863013699,1.0,0,0,1,0,1,1,0,1,0,1,0,0
119,0.0,30.39627092846272,0.0,0.7564022070015222,1.051369863013699,1.0,1,1,0,1,0,1,0,1,0,0,0,1
120,0.0,16.550313926940643,7.788898401826487,0.5256849315068495,1.051369863013699,1.0,1,0,1,0,1,1,0,1,0,1,0,0
121,0.0,12.16668569254186,0.0,0.12850076103500763,1.051369863013699,1.0,1,1,0,1,0,1,0,1,0,0,1,0
122,0.0,6.241048325722985,26.22583713850838,0.4001046423135465,1.051369863013699,0.0,1,1,0,1,0,1,0,1,0,0,1,0
123,0.005840943683409438,8.635835235920855,0.0,0.23655821917808226,1.051369863013699,1.0,1,0,1,0,1,1,0,1,0,0,1,0
124,0.0,12.558028919330292,5.881830289193304,0.5665715372907154,1.051369863013699,1.0,1,0,1,0,1,0,1,1,0,1,0,0
125,0.0,10.782382039573823,0.0,0.27160388127853885,1.051369863013699,1.0,1,1,0,1,0,1,0,1,0,1,0,0
126,0.008761415525114157,69.51599124809744,0.0,1.080574581430746,1.051369863013699,1.0,1,0,1,0,1,1,0,1,0,1,0,0
127,0.0,11.28762366818874,4.7895738203957405,0.42759259687769974,1.051369863013699,1.0,1,0,1,1,0,1,0,1,0,1,0,0
128,0.002920471841704719,30.70292047184171,11.243816590563169,0.467275494672755,0.5256849315068495,0.0,0,0,1,0,1,1,0,0,1,0,0,1
129,0.0,17.75646879756469,7.502692161339423,0.5315258751902588,1.051369863013699,1.0,0,0,1,0,1,1,0,1,0,1,0,0
130,0.0,58.89423515981736,0.0,1.898306697108067,1.401826484018265,1.0,1,0,1,1,0,1,0,0,1,0,0,1
131,0.0,5.881830289193304,5.633590182648404,0.21611491628614918,1.051369863013699,1.0,1,0,1,1,0,1,0,1,0,0,0,1
132,0.0,7.937842465753426,0.0,0.20443302891933032,1.051369863013699,1.0,1,0,1,1,0,1,0,1,0,0,1,0
133,0.0,10.101912100456623,0.0,0.07301179604261798,0.35045662100456626,1.0,1,0,1,0,1,1,0,0,1,0,1,0
134,0.0,14.2957096651446,0.0,0.29788812785388136,1.051369863013699,1.0,1,0,1,1,0,1,0,1,0,0,1,0
135,0.008761415525114157,11.681887366818875,22.63365677321157,0.8469368340943686,1.051369863013699,1.0,0,0,1,0,1,1,0,1,0,0,1,0
136,0.0,13.384522450532728,0.0,0.2453196347031964,1.051369863013699,1.0,0,1,0,0,1,1,0,1,0,1,0,0
137,0.005840943683409438,9.684284627092845,10.221651445966518,0.25700152207001525,1.051369863013699,1.0,1,0,1,0,1,1,0,0,1,0,0,1
138,0.0,43.80415715372908,0.0,0.706754185692542,1.051369863013699,0.0,0,0,1,1,0,1,0,1,0,0,1,0
139,0.005840943683409438,12.265981735159817,4.176274733637749,0.3767408675799087,1.051369863013699,1.0,0,0,1,0,1,0,1,1,0,1,0,0
140,0.005840943683409438,14.725019025875193,6.08334284627093,0.540287290715373,1.051369863013699,1.0,0,0,1,0,1,1,0,1,0,1,0,0
141,0.0,15.82019596651446,0.0,0.4906392694063928,1.051369863013699,1.0,1,0,1,1,0,1,0,1,0,0,0,1
142,0.0,20.297279299847798,0.0,0.5110825722983259,0.5256849315068495,1.0,1,0,1,1,0,1,0,0,1,0,1,0
143,0.0,7.8794330289193315,5.940239726027397,0.3562975646879758,1.051369863013699,1.0,1,0,1,0,1,1,0,1,0,0,1,0
144,0.005840943683409438,34.33598744292239,0.0,0.5461282343987824,0.5256849315068495,1.0,1,0,1,0,1,1,0,1,0,0,0,1
145,0.0,6.8046993911719955,13.10123668188737,0.29204718417047193,1.051369863013699,1.0,1,1,0,0,1,1,0,1,0,0,1,0
146,0.005840943683409438,43.415734398782355,0.0,0.20443302891933032,1.051369863013699,1.0,1,1,0,0,1,1,0,1,0,0,0,1
147,0.002920471841704719,4.491685692541858,4.161672374429224,0.08761415525114156,1.051369863013699,1.0,1,0,1,0,1,1,0,1,0,0,0,1
148,0.0,29.204718417047197,4.865506088280061,0.6571061643835617,1.051369863013699,1.0,0,1,0,1,0,1,0,1,0,1,0,0
149,0.0,14.193493150684935,2.423991628614917,0.36505898021308986,1.051369863013699,1.0,1,0,1,0,1,1,0,1,0,0,1,0
150,0.0,18.331801750380524,0.0,0.34461567732115683,1.051369863013699,0.0,0,0,1,1,0,1,0,1,0,1,0,0
151,0.0,7.526055936073061,10.951769406392696,0.44391171993911727,1.051369863013699,1.0,1,0,1,0,1,1,0,0,1,1,0,0
152,0.0,26.769044901065456,0.0,0.7125951293759516,1.051369863013699,1.0,0,0,1,1,0,1,0,1,0,0,0,1
153,0.005840943683409438,6.661596270928464,0.0,0.33001331811263324,1.051369863013699,1.0,0,0,1,0,1,0,1,1,0,1,0,0
154,0.0,9.503215372907158,0.0,0.14602359208523596,1.051369863013699,1.0,1,0,1,1,0,1,0,1,0,0,0,1
155,0.008761415525114157,116.81595319634707,0.0,1.7522831050228316,0.5256849315068495,0.0,1,0,1,0,1,1,0,1,0,0,1,0
156,0.002920471841704719,17.522831050228316,0.0,0.467275494672755,1.051369863013699,1.0,1,0,1,0,1,1,0,1,0,1,0,0
157,0.002920471841704719,27.855460426179608,0.0,0.5461282343987824,1.051369863013699,1.0,1,0,1,0,1,1,0,1,0,0,0,1
158,0.0,8.703006088280063,6.08334284627093,0.35045662100456626,1.051369863013699,1.0,1,0,1,1,0,1,0,1,0,1,0,0
159,0.0,13.384522450532728,16.427654109589046,0.7447203196347033,1.051369863013699,1.0,1,0,1,0,1,1,0,1,0,0,1,0
160,0.0,5.440839041095892,3.0402111872146125,0.2862062404870625,1.051369863013699,1.0,1,0,1,0,1,0,1,1,0,0,1,0
161,0.0,23.168103120243536,0.0,0.8031297564687978,1.051369863013699,1.0,0,0,1,0,1,1,0,1,0,0,0,1
162,0.002920471841704719,9.021337519025877,3.73820395738204,0.353377092846271,1.051369863013699,0.0,0,0,1,0,1,1,0,1,0,0,1,0
163,0.005840943683409438,12.169606164383563,4.225922754946728,0.4614345509893456,1.051369863013699,1.0,1,0,1,0,1,1,0,1,0,1,0,0
164,0.0,27.227558980213097,0.0,0.21903538812785395,0.5256849315068495,1.0,1,0,1,0,1,1,0,1,0,0,0,1
165,0.0,10.826189117199391,9.24621385083714,0.5315258751902588,1.051369863013699,1.0,1,0,1,0,1,1,0,1,0,1,0,0
166,0.0,13.384522450532728,0.0,0.32709284627092855,1.051369863013699,1.0,0,1,0,0,1,1,0,1,0,1,0,0
167,0.0,7.123030821917809,9.73393264840183,0.3767408675799087,1.051369863013699,1.0,1,0,1,0,1,1,0,1,0,1,0,0
168,0.0,6.533095509893457,0.0,0.18398972602739733,1.401826484018265,0.0,0,0,1,1,0,1,0,1,0,0,1,0
169,0.005840943683409438,23.36377473363775,0.0,0.5840943683409439,1.051369863013699,1.0,1,0,1,0,1,1,0,1,0,0,1,0
170,0.0,5.31525875190259,5.166314687975648,0.2774448249619483,1.051369863013699,1.0,1,0,1,0,1,0,1,1,0,1,0,0
171,0.008761415525114157,151.17238394216133,0.0,2.0443302891933035,0.8761415525114158,1.0,1,0,1,0,1,1,0,1,0,0,0,1
172,0.008761415525114157,10.285901826484022,0.0,0.23655821917808226,0.5256849315068495,1.0,0,0,1,0,1,0,1,1,0,1,0,0
173,0.0,16.670053272450534,16.427654109589046,0.5461282343987824,1.051369863013699,1.0,1,0,1,0,1,1,0,1,0,0,1,0
174,0.0,12.686529680365298,2.1494672754946733,0.25408105022831057,1.051369863013699,1.0,0,0,1,0,1,0,1,0,1,0,1,0
175,0.0,10.212890030441399,5.735806697108068,0.3387747336377474,1.051369863013699,1.0,1,0,1,0,1,1,0,1,0,1,0,0
176,0.005840943683409438,5.97236491628615,4.7282439117199395,0.29496765601217656,1.051369863013699,1.0,1,0,1,0,1,1,0,1,0,1,0,0
177,0.008761415525114157,16.10932267884323,33.00133181126333,1.445633561643836,1.051369863013699,0.0,0,0,1,0,1,1,0,1,0,0,1,0
178,0.002920471841704719,10.951769406392696,0.0,0.3387747336377474,1.051369863013699,1.0,1,0,1,0,1,1,0,1,0,0,1,0
179,0.0,6.81346080669711,4.237604642313547,0.29788812785388136,1.401826484018265,0.0,0,0,1,1,0,0,1,1,0,0,0,1
180,0.002920471841704719,18.691019786910203,21.173420852359214,0.5256849315068495,1.051369863013699,0.0,0,0,1,0,1,1,0,1,0,0,0,1
181,0.0,5.595624048706242,14.786348934550992,0.19567161339421615,1.051369863013699,1.0,0,0,1,1,0,1,0,1,0,1,0,0
182,0.0,13.434170471841709,0.0,0.2131944444444445,0.5256849315068495,1.0,1,0,1,0,1,1,0,1,0,0,1,0
183,0.002920471841704719,98.84628995433793,0.0,0.7593226788432268,1.051369863013699,1.0,0,0,1,0,1,1,0,1,0,0,1,0
184,0.0,10.586710426179607,0.0,0.31541095890410964,1.051369863013699,1.0,1,1,0,0,1,1,0,1,0,0,1,0
185,0.0,114.32771118721462,13.872241248097415,0.35045662100456626,1.051369863013699,1.0,1,0,1,0,1,1,0,0,1,0,1,0
186,0.002920471841704719,6.3607876712328775,0.0,0.19275114155251144,0.8761415525114158,0.0,0,0,1,0,1,1,0,0,1,1,0,0
187,0.0,6.9594843987823465,6.243968797564689,0.1693873668188737,1.051369863013699,1.0,1,0,1,0,1,1,0,1,0,1,0,0
188,0.0,1.9683980213089807,15.466818873668194,0.4906392694063928,1.051369863013699,1.0,1,0,1,0,1,1,0,0,1,1,0,0
189,0.0,27.242161339421617,0.0,0.5490487062404872,0.5256849315068495,1.0,1,0,1,0,1,1,0,1,0,1,0,0
190,0.0,14.26650494672755,0.0,0.1401826484018265,1.051369863013699,1.0,1,0,1,1,0,0,1,1,0,1,0,0
191,0.0,35.04566210045663,0.0,0.47895738203957394,1.051369863013699,1.0,0,0,1,1,0,1,0,1,0,0,1,0
192,0.0,17.61920662100457,0.0,0.467275494672755,1.051369863013699,1.0,0,0,1,0,1,0,1,1,0,0,0,1
193,0.0,11.267180365296808,0.0,0.22195585996955863,1.051369863013699,1.0,1,0,1,1,0,1,0,1,0,0,1,0
194,0.0,12.239697488584476,0.0,0.35045662100456626,1.051369863013699,1.0,1,0,1,1,0,1,0,1,0,1,0,0
195,0.002920471841704719,9.126474505327247,7.5435787671232895,0.4964802130898023,1.051369863013699,1.0,0,0,1,0,1,1,0,1,0,0,1,0
196,0.0,24.336291856925428,10.951769406392696,0.5461282343987824,1.051369863013699,1.0,1,0,1,1,0,1,0,1,0,1,0,0
197,0.0,5.5693398021309,6.90691590563166,0.35045662100456626,1.051369863013699,1.0,1,1,0,1,0,0,1,1,0,0,0,1
198,0.0,9.97633181126332,8.224048706240488,0.33001331811263324,1.051369863013699,1.0,1,1,0,0,1,1,0,1,0,0,1,0
199,0.0,32.125190258751914,0.0,0.24239916286149168,1.051369863013699,1.0,0,0,1,1,0,1,0,0,1,0,0,1
200,0.002920471841704719,7.593226788432268,7.301179604261799,0.26284246575342474,1.051369863013699,1.0,1,0,1,0,1,0,1,1,0,0,1,0
201,0.005840943683409438,14.37748287671233,0.0,0.48479832572298337,1.051369863013699,0.0,1,0,1,1,0,1,0,1,0,0,1,0
202,0.008761415525114157,11.65852359208524,0.0,0.42759259687769974,0.5256849315068495,1.0,0,0,1,0,1,0,1,1,0,0,0,1
203,0.002920471841704719,10.221651445966518,3.162871004566211,0.3942636986301371,1.051369863013699,1.0,1,0,1,0,1,0,1,1,0,0,0,1
204,0.005840943683409438,11.439488203957383,0.0,0.3621385083713852,1.051369863013699,1.0,1,0,1,0,1,0,1,1,0,0,1,0
205,0.0,12.8734398782344,0.0,0.35045662100456626,1.051369863013699,1.0,1,1,0,1,0,0,1,1,0,0,1,0
206,0.0,9.474010654490108,0.0,0.2336377473363775,1.051369863013699,1.0,1,1,0,1,0,1,0,1,0,0,0,1
207,0.0,11.60887557077626,7.391714231354644,0.1606259512937595,1.051369863013699,1.0,1,0,1,1,0,0,1,1,0,1,0,0
208,0.0,7.239849695585997,0.0,0.17230783866057842,1.051369863013699,1.0,1,0,1,1,0,1,0,1,0,0,0,1
209,0.0,9.98217275494673,0.0,0.3708999238964993,1.051369863013699,1.0,0,0,1,1,0,1,0,1,0,0,1,0
210,0.0,29.204718417047197,0.0,0.6249809741248099,1.051369863013699,1.0,0,1,0,1,0,1,0,1,0,0,1,0
211,0.008761415525114157,10.017218417047188,3.6505898021308996,0.373820395738204,1.051369863013699,0.0,0,0,1,0,1,1,0,1,0,0,1,0
212,0.002920471841704719,22.741714231354646,0.0,0.7009132420091325,1.051369863013699,1.0,1,0,1,0,1,1,0,0,1,0,0,1
213,0.008761415525114157,16.655450913242017,0.0,0.3796613394216134,1.051369863013699,1.0,1,0,1,0,1,0,1,0,1,1,0,0
214,0.0,9.266657153729074,8.822745433789954,0.4001046423135465,1.051369863013699,1.0,1,0,1,0,1,1,0,1,0,0,0,1
215,0.008761415525114157,11.243816590563169,2.8708238203957386,0.29204718417047193,1.051369863013699,1.0,1,0,1,0,1,0,1,1,0,0,1,0
216,0.0,0.4380707762557079,5.256849315068494,0.3942636986301371,1.051369863013699,1.0,0,0,1,0,1,1,0,1,0,1,0,0
217,0.0,10.88459855403349,5.183837519025875,0.38258181126331825,1.051369863013699,1.0,1,0,1,0,1,1,0,1,0,0,1,0
218,0.005840943683409438,14.602359208523598,0.0,0.21027397260273978,1.051369863013699,0.0,0,0,1,0,1,1,0,1,0,0,1,0
219,0.005840943683409438,12.508380898021311,6.9594843987823465,0.3708999238964993,1.051369863013699,1.0,1,1,0,0,1,1,0,1,0,0,1,0
220,0.0,6.48636796042618,0.0,0.17522831050228313,1.051369863013699,0.0,0,0,1,0,1,1,0,1,0,0,0,1
221,0.005840943683409438,11.708171613394219,5.014450152207002,0.3387747336377474,1.051369863013699,1.0,1,0,1,0,1,1,0,1,0,0,1,0
222,0.0,8.676721841704719,8.15103691019787,0.42054794520547956,1.051369863013699,1.0,1,0,1,1,0,1,0,1,0,0,1,0
223,0.0,22.13133561643836,2.949676560121766,0.5110825722983259,1.051369863013699,1.0,1,0,1,0,1,1,0,1,0,0,1,0
224,0.0,18.252949010654493,0.0,0.373820395738204,1.051369863013699,1.0,1,0,1,0,1,1,0,1,0,0,1,0
225,0.0,9.491533485540337,0.0,0.4964802130898023,1.051369863013699,1.0,0,0,1,0,1,1,0,1,0,1,0,0
226,0.0,13.828434170471844,0.0,0.4030251141552512,1.051369863013699,1.0,0,0,1,0,1,0,1,0,1,0,0,1
227,0.005840943683409438,18.252949010654493,4.950199771689499,0.613299086757991,1.051369863013699,1.0,1,0,1,0,1,1,0,1,0,0,1,0
228,0.0,13.895605022831052,0.0,0.4614345509893456,1.401826484018265,1.0,1,0,1,0,1,1,0,1,0,0,1,0
229,0.0,18.691019786910203,0.0,0.5840943683409439,1.051369863013699,1.0,1,0,1,1,0,1,0,0,1,1,0,0
230,0.002920471841704719,7.274895357686456,5.9986491628614935,0.3037290715372908,1.051369863013699,1.0,1,0,1,0,1,1,0,1,0,0,1,0
231,0.0,10.852473363774735,0.0,0.1226598173515982,0.5256849315068495,1.0,1,0,1,0,1,1,0,1,0,1,0,0
232,0.0,9.313384703196348,7.58738584474886,0.35045662100456626,1.051369863013699,1.0,1,0,1,1,0,0,1,1,0,1,0,0
233,0.0,24.336291856925428,0.0,0.8177321156773213,1.051369863013699,1.0,1,1,0,1,0,1,0,1,0,0,1,0
234,0.002920471841704719,9.214088660578389,5.195519406392695,0.40886605783866065,1.051369863013699,1.0,1,0,1,0,1,1,0,1,0,0,1,0
235,0.002920471841704719,16.062595129375957,3.6797945205479463,0.4964802130898023,1.051369863013699,1.0,1,0,1,0,1,1,0,1,0,1,0,0
236,0.0,16.78103120243531,0.0,0.7447203196347033,1.051369863013699,1.0,0,0,1,0,1,1,0,1,0,0,0,1
237,0.0,10.11359398782344,0.0,0.3562975646879758,1.051369863013699,1.0,1,1,0,1,0,1,0,0,1,0,0,1
238,0.002920471841704719,11.13283866057839,0.0,0.32709284627092855,1.051369863013699,1.0,1,1,0,1,0,1,0,1,0,1,0,0
239,0.002920471841704719,9.681364155251144,0.0,0.280365296803653,1.051369863013699,1.0,1,0,1,0,1,1,0,1,0,0,1,0
240,0.005840943683409438,16.99422564687976,14.602359208523598,0.35045662100456626,1.051369863013699,1.0,1,0,1,0,1,1,0,1,0,1,0,0
241,0.002920471841704719,7.330384322678847,5.791295662100458,0.40886605783866065,0.5256849315068495,1.0,0,0,1,0,1,0,1,1,0,0,0,1
242,0.0,8.659199010654492,16.649609969558604,0.4526731354642315,0.17522831050228313,1.0,1,0,1,1,0,1,0,1,0,0,0,1
243,0.005840943683409438,18.252949010654493,3.796613394216134,0.31541095890410964,1.051369863013699,1.0,1,0,1,0,1,1,0,0,1,1,0,0
244,0.0,9.947127092846271,12.899724124809744,0.35921803652968043,1.051369863013699,1.0,1,0,1,0,1,0,1,1,0,0,1,0
245,0.0,17.668854642313548,12.654404490106545,0.35045662100456626,0.5256849315068495,1.0,0,0,1,1,0,1,0,0,1,0,0,1
246,0.005840943683409438,28.33733828006089,0.0,0.32709284627092855,1.051369863013699,1.0,1,0,1,0,1,1,0,1,0,0,0,1
247,0.002920471841704719,19.29847792998478,0.0,0.4001046423135465,0.5256849315068495,1.0,1,0,1,0,1,0,1,1,0,0,0,1
248,0.002920471841704719,8.416799847793001,5.382429604261797,0.35921803652968043,1.401826484018265,1.0,1,0,1,0,1,1,0,1,0,0,1,0
249,0.0,5.283133561643837,5.455441400304414,0.26284246575342474,1.051369863013699,1.0,1,0,1,0,1,1,0,1,0,0,0,1
250,0.0,4.871347031963471,11.360635464231356,0.5870148401826487,1.051369863013699,0.0,0,0,1,0,1,0,1,1,0,0,1,0
251,0.005840943683409438,10.008457001522075,0.0,0.4030251141552512,1.051369863013699,1.0,0,1,0,1,0,1,0,1,0,0,0,1
252,0.0,7.5435787671232895,6.328662480974126,0.3037290715372908,1.051369863013699,1.0,1,0,1,1,0,0,1,0,1,1,0,0
253,0.002920471841704719,7.771375570776257,20.73827054794521,0.8148116438356167,0.5256849315068495,1.0,1,0,1,0,1,0,1,1,0,0,1,0
254,0.0,47.45766742770168,0.0,0.560730593607306,1.051369863013699,0.0,0,0,1,1,0,1,0,0,1,0,0,1
255,0.008761415525114157,9.00381468797565,0.0,0.7447203196347033,1.051369863013699,1.0,1,1,0,1,0,1,0,1,0,1,0,0
256,0.0,17.654252283105023,0.0,0.33585426179604266,1.051369863013699,0.0,0,0,1,1,0,0,1,1,0,1,0,0
257,0.008761415525114157,15.332477168949774,0.0,0.2745243531202436,1.051369863013699,1.0,0,0,1,0,1,1,0,1,0,0,0,1
258,0.0,42.88128805175039,6.132990867579909,0.8878234398782345,1.051369863013699,1.0,0,0,1,0,1,1,0,1,0,1,0,0
259,0.008761415525114157,14.40084665144597,0.0,0.373820395738204,1.051369863013699,1.0,0,0,1,0,1,0,1,1,0,0,1,0
260,0.002920471841704719,17.765230213089808,12.412005327245055,0.9637557077625573,1.051369863013699,1.0,1,0,1,0,1,1,0,1,0,0,0,1
261,0.0,6.016171993911721,6.451322298325724,0.3913432267884323,1.051369863013699,1.0,1,0,1,1,0,1,0,1,0,0,1,0
262,0.002920471841704719,10.166162480974126,0.0,0.4526731354642315,0.10513698630136989,1.0,0,1,0,1,0,1,0,1,0,0,1,0
263,0.0,21.027397260273975,0.0,0.35045662100456626,1.051369863013699,1.0,1,1,0,1,0,1,0,1,0,1,0,0
264,0.0,15.087157534246579,0.0,0.373820395738204,1.051369863013699,1.0,1,0,1,1,0,1,0,0,1,0,1,0
265,0.0,11.959332191780824,10.066866438356168,0.44099124809741247,1.051369863013699,1.0,1,0,1,1,0,1,0,1,0,1,0,0
266,0.005840943683409438,13.749581430745819,4.050694444444446,0.4380707762557079,1.051369863013699,1.0,1,0,1,0,1,1,0,1,0,0,1,0
267,0.008761415525114157,12.654404490106545,5.288974505327246,0.467275494672755,1.051369863013699,0.0,1,0,1,0,1,1,0,1,0,0,0,1
268,0.0,9.98217275494673,0.0,0.3942636986301371,1.051369863013699,1.0,0,1,0,1,0,1,0,1,0,1,0,0
269,0.002920471841704719,8.399277016742772,4.555936073059361,0.26284246575342474,1.051369863013699,1.0,1,1,0,1,0,1,0,1,0,0,0,1
270,0.0,9.453567351598176,0.0,0.08761415525114156,1.051369863013699,1.0,1,1,0,1,0,1,0,1,0,0,0,1
271,0.0,32.5515791476408,0.0,0.3971841704718418,1.051369863013699,1.0,1,0,1,0,1,1,0,1,0,0,0,1
272,0.0,8.273696727549469,5.423316210045663,0.36797945205479465,1.051369863013699,1.0,1,0,1,1,0,1,0,1,0,1,0,0
273,0.0,7.651636225266364,6.4922089041095905,0.4380707762557079,1.051369863013699,1.0,1,0,1,0,1,1,0,1,0,0,1,0
274,0.005840943683409438,11.389840182648404,0.0,0.26284246575342474,1.051369863013699,1.0,1,0,1,0,1,1,0,1,0,0,1,0
275,0.002920471841704719,8.031297564687979,5.379509132420092,0.33585426179604266,1.051369863013699,1.0,1,0,1,0,1,1,0,1,0,0,1,0
276,0.0,11.661444063926941,9.56162480974125,0.6045376712328768,1.051369863013699,1.0,1,0,1,0,1,1,0,1,0,0,1,0
277,0.0,9.062224124809743,3.796613394216134,0.2336377473363775,1.051369863013699,1.0,1,0,1,0,1,1,0,1,0,0,0,1
278,0.0,42.58924086757992,0.0,1.2733257229832573,1.051369863013699,1.0,1,0,1,0,1,1,0,1,0,0,1,0
279,0.0,11.973934550989348,0.0,0.3621385083713852,1.051369863013699,1.0,1,1,0,0,1,0,1,1,0,1,0,0
280,0.002920471841704719,11.836672374429225,7.085064687975647,0.4614345509893456,1.051369863013699,0.0,0,0,1,1,0,0,1,0,1,0,0,1
281,0.0,11.468692922374432,2.3363774733637754,0.32709284627092855,1.051369863013699,1.0,1,0,1,0,1,1,0,1,0,0,1,0
282,0.005840943683409438,6.720005707762558,2.8790011059227556,0.2277968036529681,0.5256849315068495,1.0,1,0,1,0,1,1,0,1,0,0,0,1
283,0.0,5.288974505327246,4.865506088280061,0.15770547945205482,1.051369863013699,1.0,1,1,0,1,0,1,0,1,0,0,0,1
284,0.0,60.35739155251142,0.0,0.42759259687769974,1.051369863013699,1.0,0,0,1,0,1,1,0,1,0,1,0,0
285,0.0,9.222850076103501,8.916200532724508,0.25992199391171994,1.051369863013699,1.0,1,0,1,1,0,1,0,1,0,1,0,0
286,0.0,7.593226788432268,5.014450152207002,0.28912671232876713,0.8761415525114158,1.0,0,1,0,1,0,1,0,0,1,0,1,0
287,0.0,10.81742770167428,5.840943683409438,0.35045662100456626,1.051369863013699,1.0,1,0,1,0,1,1,0,1,0,1,0,0
288,0.0,12.044025875190263,0.0,0.33585426179604266,1.051369863013699,1.0,1,1,0,1,0,1,0,1,0,0,1,0
289,0.0,27.767846270928466,0.0,0.5461282343987824,1.051369863013699,1.0,1,0,1,1,0,1,0,1,0,1,0,0
290,0.0,8.980450913242011,7.0558599695585995,0.4059455859969559,1.051369863013699,1.0,1,0,1,0,1,1,0,1,0,1,0,0
291,0.005840943683409438,12.850076103500765,0.0,0.3708999238964993,1.051369863013699,0.0,0,0,1,0,1,1,0,1,0,0,1,0
292,0.005840943683409438,9.20824771689498,4.555936073059361,0.3913432267884323,1.051369863013699,1.0,1,0,1,0,1,1,0,1,0,0,0,1
293,0.0,15.82019596651446,0.0,0.41762747336377487,1.401826484018265,0.0,0,1,0,1,0,1,0,1,0,0,0,1
294,0.0,6.9594843987823465,9.736853120243534,0.5023211567732117,1.051369863013699,1.0,1,0,1,0,1,1,0,1,0,0,1,0
295,0.008761415525114157,12.896803652968039,3.6505898021308996,0.321251902587519,1.051369863013699,1.0,1,0,1,0,1,1,0,1,0,0,0,1
296,0.002920471841704719,20.07824391171994,0.0,0.5840943683409439,1.051369863013699,1.0,1,0,1,0,1,1,0,1,0,0,1,0
297,0.002920471841704719,13.62692161339422,0.0,0.3942636986301371,1.051369863013699,1.0,1,1,0,0,1,1,0,1,0,0,0,1
298,0.0,14.602359208523598,7.42091894977169,0.44099124809741247,1.401826484018265,1.0,0,1,0,1,0,1,0,1,0,1,0,0
299,0.002920471841704719,5.881830289193304,8.542380136986305,0.33001331811263324,1.051369863013699,1.0,0,0,1,0,1,1,0,1,0,0,0,1
300,0.0,5.256849315068494,8.568664383561647,0.27160388127853885,1.051369863013699,0.0,0,0,1,0,1,0,1,1,0,0,0,1
301,0.0,8.396356544901067,5.110825722983259,0.3066495433789955,1.051369863013699,1.0,1,0,1,0,1,0,1,1,0,0,1,0
302,0.0,14.602359208523598,0.0,0.3855022831050229,1.051369863013699,1.0,1,1,0,1,0,1,0,1,0,1,0,0
303,0.002920471841704719,4.745766742770169,5.2656107305936075,0.280365296803653,1.051369863013699,1.0,1,0,1,0,1,1,0,1,0,0,0,1
304,0.0,11.681887366818875,7.301179604261799,0.40886605783866065,1.051369863013699,1.0,1,0,1,1,0,1,0,1,0,1,0,0
305,0.0,5.840943683409438,0.0,0.42759259687769974,1.051369863013699,1.0,0,0,1,1,0,0,1,1,0,0,0,1
306,0.0,10.98681506849315,4.865506088280061,0.3942636986301371,1.051369863013699,1.0,1,1,0,1,0,1,0,1,0,1,0,0
307,0.0,7.009132420091326,5.440839041095892,0.3037290715372908,1.051369863013699,0.0,0,1,0,1,0,1,0,1,0,0,0,1
308,0.0,59.08990677321157,0.0,1.401826484018265,1.051369863013699,1.0,0,0,1,1,0,1,0,1,0,1,0,0
309,0.005840943683409438,22.39125761035008,0.0,0.540287290715373,1.051369863013699,1.0,1,0,1,0,1,0,1,1,0,1,0,0
310,0.0,8.519016362252666,0.0,0.2453196347031964,1.051369863013699,1.0,1,1,0,1,0,1,0,1,0,0,1,0
311,0.0,8.548221080669713,7.02373477929985,0.3241723744292238,1.051369863013699,1.0,1,0,1,1,0,0,1,1,0,0,1,0
312,0.0,7.32162290715373,0.0,0.16354642313546428,1.051369863013699,1.0,1,1,0,1,0,1,0,1,0,1,0,0
313,0.005840943683409438,16.78103120243531,0.0,0.42054794520547956,0.2453196347031964,1.0,1,0,1,0,1,1,0,0,1,1,0,0
314,0.0,7.22232686453577,5.382429604261797,0.4643550228310503,1.051369863013699,1.0,0,0,1,0,1,1,0,1,0,1,0,0
315,0.002920471841704719,9.926683789954339,4.7895738203957405,0.3241723744292238,0.5256849315068495,1.0,1,0,1,0,1,0,1,1,0,0,0,1
316,0.005840943683409438,10.85539383561644,0.0,0.35045662100456626,1.051369863013699,1.0,1,0,1,0,1,1,0,1,0,0,1,0
317,0.0,6.010331050228312,6.23228691019787,0.25700152207001525,1.051369863013699,1.0,1,0,1,0,1,1,0,1,0,0,0,1
318,0.002920471841704719,10.34139079147641,0.0,0.32709284627092855,1.051369863013699,1.0,1,1,0,1,0,1,0,1,0,0,1,0
319,0.002920471841704719,29.204718417047197,0.0,0.4526731354642315,1.051369863013699,1.0,0,0,1,0,1,1,0,0,1,1,0,0
320,0.0,7.009132420091326,6.328662480974126,0.33585426179604266,1.051369863013699,1.0,1,0,1,0,1,1,0,1,0,0,1,0
321,0.008761415525114157,12.68068873668189,0.5519691780821919,0.3621385083713852,1.051369863013699,1.0,1,0,1,0,1,1,0,1,0,0,1,0
322,0.005840943683409438,10.516619101978694,4.643550228310503,0.42759259687769974,1.051369863013699,1.0,1,0,1,0,1,0,1,1,0,1,0,0
323,0.0,9.24621385083714,8.717608447488585,0.3855022831050229,1.051369863013699,1.0,1,1,0,1,0,1,0,1,0,1,0,0
324,0.008761415525114157,43.807077625570784,0.0,0.8761415525114158,1.051369863013699,1.0,1,0,1,0,1,1,0,1,0,1,0,0
325,0.002920471841704719,25.30880898021309,14.552711187214618,1.0980974124809744,1.051369863013699,0.0,0,0,1,0,1,1,0,0,1,1,0,0
326,0.0,14.359960045662104,0.0,0.3796613394216134,1.051369863013699,0.0,1,0,1,1,0,1,0,1,0,1,0,0
327,0.0,16.991305175038057,6.308219178082194,0.5373668188736683,1.051369863013699,1.0,1,0,1,0,1,1,0,0,1,0,1,0
328,0.0,12.654404490106545,7.158076484018266,0.321251902587519,1.051369863013699,1.0,0,1,0,0,1,1,0,1,0,0,0,1
329,0.0,7.301179604261799,0.0,0.19567161339421615,1.051369863013699,1.0,1,1,0,1,0,1,0,1,0,0,0,1
330,0.002920471841704719,12.803348554033487,5.236406012176561,0.34169520547945215,1.051369863013699,1.0,1,0,1,1,0,1,0,1,0,0,0,1
331,0.0,8.57158485540335,0.0,0.2862062404870625,1.051369863013699,1.0,1,0,1,1,0,1,0,1,0,0,1,0
332,0.0,8.273696727549469,0.0,0.20735350076103506,1.051369863013699,1.0,1,0,1,1,0,1,0,1,0,0,0,1
333,0.0,184.9739250380518,0.0,1.4310312024353125,0.5256849315068495,1.0,1,0,1,0,1,1,0,1,0,0,0,1
334,0.002920471841704719,28.7169996194825,5.35322488584475,0.5315258751902588,0.5256849315068495,1.0,1,0,1,0,1,1,0,0,1,0,0,1
335,0.0,16.071356544901068,13.11291856925419,0.20443302891933032,1.051369863013699,1.0,1,0,1,0,1,1,0,0,1,0,1,0
336,0.002920471841704719,15.332477168949774,2.0092846270928466,0.467275494672755,1.051369863013699,1.0,1,0,1,0,1,1,0,1,0,1,0,0
337,0.005840943683409438,7.301179604261799,13.434170471841709,0.5140030441400305,1.051369863013699,1.0,1,0,1,0,1,1,0,0,1,1,0,0
338,0.008761415525114157,5.344463470319635,0.0,0.42759259687769974,1.051369863013699,0.0,0,1,0,1,0,0,1,1,0,0,0,1
339,0.0,12.149162861491629,0.0,0.20735350076103506,1.051369863013699,1.0,1,1,0,1,0,1,0,1,0,0,1,0
340,0.008761415525114157,7.730488964992393,4.63478881278539,0.5052416286149165,1.051369863013699,1.0,0,0,1,0,1,0,1,1,0,1,0,0
341,0.0,6.944882039573821,0.0,0.13434170471841708,1.051369863013699,1.0,0,1,0,1,0,1,0,1,0,1,0,0
342,0.002920471841704719,13.29982876712329,3.5892598934550994,0.4614345509893456,1.051369863013699,1.0,1,0,1,0,1,0,1,1,0,0,0,1
343,0.008761415525114157,9.266657153729074,0.0,0.21611491628614918,1.051369863013699,1.0,1,0,1,0,1,0,1,1,0,0,1,0
344,0.005840943683409438,7.5435787671232895,6.8046993911719955,0.36505898021308986,1.051369863013699,1.0,1,0,1,0,1,1,0,1,0,1,0,0
345,0.0,7.298259132420093,7.178519786910199,0.467275494672755,1.051369863013699,1.0,1,0,1,0,1,1,0,1,0,0,1,0
346,0.0,10.288822298325725,9.433124048706242,0.44391171993911727,1.051369863013699,0.0,0,0,1,0,1,0,1,1,0,1,0,0
347,0.005840943683409438,9.00381468797565,6.331582952815831,0.36797945205479465,1.051369863013699,1.0,1,0,1,0,1,0,1,1,0,0,0,1
348,0.0,18.495348173515982,13.384522450532728,0.7564022070015222,1.051369863013699,1.0,1,0,1,0,1,1,0,1,0,0,1,0
349,0.0,7.666238584474887,18.252949010654493,0.5461282343987824,1.051369863013699,1.0,1,0,1,0,1,1,0,1,0,1,0,0
350,0.0,26.526645738203964,0.0,0.665867579908676,1.051369863013699,1.0,1,0,1,0,1,1,0,1,0,0,1,0
351,0.0,25.55412861491629,12.169606164383563,0.8995053272450536,1.051369863013699,1.0,0,0,1,1,0,1,0,1,0,1,0,0
352,0.008761415525114157,7.785977929984781,6.08334284627093,0.2774448249619483,1.051369863013699,1.0,1,0,1,0,1,1,0,1,0,1,0,0
353,0.0,16.062595129375957,0.0,0.3066495433789955,1.051369863013699,0.0,0,1,0,0,1,1,0,0,1,1,0,0
354,0.0,7.0763032724505335,1.474838280060883,0.3796613394216134,1.051369863013699,1.0,1,1,0,0,1,1,0,1,0,0,1,0
355,0.0,11.135759132420095,0.0,0.3387747336377474,0.5256849315068495,1.0,1,1,0,1,0,1,0,1,0,0,0,1
356,0.005840943683409438,24.336291856925428,9.249134322678845,0.48187785388127863,1.051369863013699,1.0,1,0,1,0,1,1,0,1,0,1,0,0
357,0.002920471841704719,11.316828386605785,0.0,0.19567161339421615,1.051369863013699,1.0,0,0,1,0,1,1,0,1,0,0,0,1
358,0.0,8.761415525114158,4.865506088280061,0.29204718417047193,1.401826484018265,0.0,0,0,1,0,1,0,1,1,0,0,0,1
359,0.008761415525114157,15.090078006088286,9.249134322678845,0.5840943683409439,1.051369863013699,1.0,1,0,1,0,1,1,0,1,0,0,1,0
360,0.002920471841704719,13.793388508371384,0.0,0.23655821917808226,1.051369863013699,1.0,0,1,0,1,0,1,0,1,0,0,1,0
361,0.005840943683409438,14.602359208523598,10.709370243531202,0.6892313546423137,1.051369863013699,1.0,1,0,1,0,1,1,0,1,0,0,1,0
362,0.0,13.872241248097415,6.81346080669711,0.3796613394216134,1.051369863013699,1.0,1,0,1,0,1,1,0,1,0,0,0,1
363,0.0,8.799381659056317,8.857791095890413,0.2774448249619483,0.8761415525114158,1.0,1,0,1,0,1,1,0,1,0,0,0,1
364,0.0,19.923458904109594,0.0,0.41178652968036533,1.051369863013699,1.0,1,0,1,1,0,1,0,0,1,1,0,0
365,0.0,18.153652968036532,0.0,0.3884227549467277,1.051369863013699,1.0,0,0,1,1,0,0,1,1,0,1,0,0
366,0.0,7.301179604261799,0.0,0.280365296803653,1.401826484018265,1.0,0,0,1,1,0,1,0,1,0,0,1,0
367,0.0,14.96449771689498,0.0,0.3621385083713852,1.051369863013699,0.0,0,0,1,1,0,1,0,1,0,1,0,0
368,0.002920471841704719,18.471984398782347,0.0,0.5110825722983259,1.051369863013699,1.0,1,0,1,0,1,1,0,1,0,0,1,0
369,0.0,57.620909436834104,15.37920471841705,1.66466894977169,1.051369863013699,1.0,0,0,1,0,1,1,0,1,0,1,0,0
370,0.0,46.02371575342467,0.0,0.1606259512937595,1.051369863013699,1.0,1,1,0,1,0,1,0,0,1,0,1,0
371,0.005840943683409438,15.14264649923897,0.0,0.4526731354642315,1.051369863013699,1.0,1,0,1,0,1,1,0,1,0,0,1,0
372,0.005840943683409438,27.227558980213097,22.992874809741252,1.109779299847793,0.8761415525114158,1.0,1,0,1,0,1,1,0,0,1,1,0,0
373,0.002920471841704719,8.942484779299848,5.802977549467276,0.3241723744292238,0.5256849315068495,0.0,0,0,1,1,0,1,0,1,0,0,0,1
374,0.0,8.072184170471843,4.260968417047184,0.321251902587519,1.051369863013699,1.0,1,1,0,1,0,1,0,1,0,0,0,1
375,0.0,14.067912861491632,2.695595509893456,0.35045662100456626,0.5256849315068495,1.0,1,0,1,0,1,1,0,1,0,0,0,1
376,0.008761415525114157,25.55412861491629,14.590677321156774,0.3796613394216134,1.051369863013699,1.0,1,0,1,0,1,1,0,1,0,1,0,0
377,0.0,12.587233637747339,0.0,0.3796613394216134,1.051369863013699,1.0,1,0,1,0,1,1,0,1,0,0,1,0
378,0.0,8.962928082191784,0.0,0.20735350076103506,1.401826484018265,1.0,0,0,1,1,0,1,0,1,0,0,0,1
379,0.005840943683409438,15.744263698630142,0.0,0.3796613394216134,1.051369863013699,1.0,1,0,1,0,1,1,0,1,0,0,0,1
380,0.0,9.73393264840183,7.301179604261799,0.373820395738204,1.051369863013699,1.0,1,0,1,0,1,1,0,1,0,0,1,0
381,0.0,17.350523211567737,12.359436834094371,0.8644596651445967,1.051369863013699,1.0,1,0,1,1,0,1,0,1,0,0,1,0
382,0.0,17.522831050228316,0.0,0.4555936073059362,1.051369863013699,1.0,1,1,0,1,0,1,0,1,0,0,0,1
383,0.0,20.931021689497722,0.0,0.373820395738204,1.051369863013699,1.0,1,0,1,1,0,1,0,0,1,0,0,1
384,0.005840943683409438,13.334874429223747,0.0,0.29204718417047193,1.051369863013699,1.0,0,0,1,0,1,1,0,1,0,0,0,1
385,0.002920471841704719,10.709370243531202,0.0,0.33001331811263324,0.5256849315068495,1.0,1,0,1,1,0,1,0,1,0,0,0,1
386,0.0,6.851426940639271,4.672754946727551,0.3855022831050229,1.051369863013699,1.0,1,0,1,1,0,0,1,1,0,0,1,0
387,0.0,8.790620243531203,9.158599695586,0.42759259687769974,1.051369863013699,0.0,0,0,1,0,1,0,1,1,0,0,0,1
388,0.0,6.81346080669711,7.058780441400306,0.3971841704718418,1.051369863013699,1.0,1,0,1,0,1,1,0,1,0,0,0,1
389,0.0,16.027549467275495,0.0,0.36505898021308986,1.051369863013699,1.0,1,0,1,0,1,1,0,1,0,1,0,0
390,0.008761415525114157,26.77196537290716,0.0,0.540287290715373,1.051369863013699,1.0,1,0,1,1,0,1,0,1,0,1,0,0
391,0.008761415525114157,27.75616438356165,0.0,0.8031297564687978,1.051369863013699,1.0,1,0,1,0,1,1,0,1,0,1,0,0
392,0.0,7.5435787671232895,6.176797945205481,0.35045662100456626,1.051369863013699,1.0,1,0,1,0,1,1,0,1,0,0,0,1
393,0.005840943683409438,5.8205003805175055,4.745766742770169,0.33001331811263324,0.5256849315068495,1.0,1,0,1,0,1,0,1,1,0,0,1,0
394,0.005840943683409438,9.053462709284629,4.088660578386607,0.33001331811263324,1.051369863013699,1.0,1,0,1,0,1,1,0,1,0,0,0,1
395,0.005840943683409438,9.567465753424658,1.413508371385084,0.3942636986301371,1.051369863013699,1.0,1,0,1,0,1,1,0,1,0,0,1,0
396,0.0,9.287100456621006,0.0,0.20735350076103506,1.051369863013699,0.0,0,1,0,1,0,1,0,1,0,0,0,1
397,0.0,8.857791095890413,4.260968417047184,0.2774448249619483,1.051369863013699,1.0,1,0,1,0,1,1,0,1,0,0,0,1
398,0.0,11.395681126331812,4.865506088280061,0.3183314307458143,1.051369863013699,1.0,1,0,1,1,0,0,1,1,0,1,0,0
399,0.0,4.380707762557079,5.256849315068494,0.3008085996955861,1.051369863013699,0.0,0,1,0,1,0,1,0,1,0,0,1,0
400,0.005840943683409438,8.437243150684933,0.0,0.13142123287671237,0.5256849315068495,0.0,0,0,1,0,1,0,1,1,0,0,0,1
401,0.0,8.045899923896501,0.0,0.1898306697108067,0.8761415525114158,1.0,0,0,1,1,0,0,1,1,0,1,0,0
402,0.0,7.301179604261799,58.40943683409439,0.3008085996955861,1.051369863013699,1.0,1,0,1,1,0,1,0,1,0,0,1,0
403,0.0,5.732886225266363,0.0,0.1547850076103501,1.051369863013699,1.0,1,1,0,1,0,0,1,1,0,0,1,0
404,0.0,21.731230974124816,0.0,0.5665715372907154,1.051369863013699,1.0,0,1,0,1,0,1,0,0,1,1,0,0
405,0.0,13.279385464231359,0.0,0.33585426179604266,1.051369863013699,1.0,1,1,0,1,0,1,0,1,0,0,1,0
406,0.0,6.328662480974126,7.009132420091326,0.33585426179604266,1.051369863013699,1.0,1,0,1,0,1,0,1,1,0,0,0,1
407,0.0,6.463004185692543,0.0,0.19275114155251144,1.051369863013699,1.0,1,1,0,1,0,0,1,1,0,1,0,0
408,0.002920471841704719,24.239916286149167,0.0,0.44391171993911727,0.8761415525114158,0.0,0,0,1,0,1,1,0,1,0,0,1,0
409,0.008761415525114157,236.55821917808223,0.0,1.051369863013699,1.051369863013699,0.0,0,0,1,0,1,1,0,1,0,1,0,0
410,0.002920471841704719,11.293464611872148,0.0,0.1810692541856926,1.051369863013699,1.0,0,1,0,1,0,0,1,0,1,0,1,0
411,0.0,18.270471841704722,0.0,0.467275494672755,1.051369863013699,1.0,1,0,1,0,1,1,0,1,0,0,0,1
412,0.0,17.803196347031967,0.0,0.6366628614916287,1.051369863013699,0.0,0,0,1,0,1,0,1,1,0,1,0,0
413,0.0,6.5798230593607325,5.937319254185693,0.321251902587519,1.051369863013699,1.0,1,0,1,0,1,0,1,1,0,1,0,0
414,0.0,6.276093987823441,9.453567351598176,0.5198439878234399,1.051369863013699,0.0,0,1,0,0,1,0,1,1,0,0,1,0
415,0.0,8.746813165905632,0.0,0.17522831050228313,1.051369863013699,1.0,1,1,0,1,0,1,0,1,0,0,0,1
416,0.002920471841704719,7.593226788432268,0.0,0.467275494672755,1.051369863013699,1.0,0,1,0,1,0,1,0,1,0,0,0,1
417,0.005840943683409438,4.672754946727551,58.40943683409439,0.6979927701674279,1.051369863013699,1.0,0,0,1,0,1,1,0,0,1,0,0,1
418,0.0,2.993483637747337,8.098468417047185,0.32709284627092855,1.051369863013699,1.0,1,0,1,0,1,1,0,1,0,1,0,0
419,0.0,9.479851598173516,4.138308599695587,0.4030251141552512,1.051369863013699,1.0,1,0,1,0,1,1,0,1,0,0,1,0
420,0.0,17.023430365296807,0.0,0.4030251141552512,1.051369863013699,1.0,1,0,1,0,1,1,0,1,0,1,0,0
421,0.0,7.9436834094368365,0.0,0.2336377473363775,1.051369863013699,0.0,0,1,0,1,0,0,1,1,0,0,0,1
422,0.0,5.31525875190259,5.020291095890412,0.29204718417047193,1.051369863013699,1.0,1,0,1,0,1,1,0,1,0,0,0,1
423,0.002920471841704719,21.173420852359214,4.868426560121767,0.321251902587519,1.051369863013699,0.0,0,0,1,0,1,1,0,1,0,0,0,1
424,0.0,43.456621004566216,0.0,0.280365296803653,1.051369863013699,1.0,1,0,1,0,1,1,0,1,0,0,1,0
425,0.0,7.785977929984781,12.558028919330292,0.353377092846271,1.051369863013699,1.0,1,0,1,0,1,1,0,1,0,1,0,0
426,0.002920471841704719,13.451693302891936,0.0,0.23655821917808226,1.051369863013699,1.0,0,1,0,1,0,0,1,1,0,1,0,0
427,0.005840943683409438,17.333000380517504,0.0,0.3884227549467277,1.051369863013699,1.0,1,0,1,0,1,1,0,1,0,0,1,0
428,0.0,8.527777777777779,0.04707800854147642,0.25408105022831057,1.051369863013699,1.0,1,0,1,0,1,1,0,1,0,1,0,0
429,0.0,7.934921993911721,0.0,0.17522831050228313,0.5256849315068495,1.0,1,0,1,1,0,0,1,1,0,0,0,1
430,0.002920471841704719,25.1861491628615,0.0,0.4380707762557079,1.051369863013699,1.0,1,1,0,1,0,1,0,0,1,0,1,0
431,0.0,18.983066971080675,0.0,0.3066495433789955,1.051369863013699,0.0,0,0,1,1,0,1,0,1,0,1,0,0
432,0.0,37.60399543378996,0.0,1.182791095890411,1.051369863013699,1.0,1,0,1,1,0,1,0,1,0,0,1,0
433,0.0,7.082144216133944,6.833904109589043,0.41762747336377487,1.051369863013699,1.0,1,0,1,0,1,1,0,1,0,0,1,0
434,0.0,10.951769406392696,0.0,0.29204718417047193,1.051369863013699,1.0,1,0,1,1,0,1,0,1,0,0,0,1
435,0.0,29.341980593607307,0.0,0.42759259687769974,0.7009132420091325,1.0,1,1,0,0,1,1,0,1,0,0,1,0
436,0.0,5.624828767123288,5.405793378995435,0.14602359208523596,1.051369863013699,1.0,1,0,1,1,0,1,0,1,0,0,1,0
437,0.0,6.463004185692543,3.285530821917809,0.42759259687769974,1.051369863013699,1.0,1,0,1,0,1,1,0,1,0,0,0,1
438,0.0,30.41963470319636,0.0,0.5461282343987824,1.051369863013699,0.0,0,0,1,1,0,1,0,0,1,0,0,1
439,0.0,20.858009893455105,0.0,0.4030251141552512,1.051369863013699,1.0,1,1,0,0,1,0,1,0,1,1,0,0
440,0.0,10.68892694063927,14.789269406392698,0.5461282343987824,1.051369863013699,1.0,1,0,1,1,0,1,0,1,0,0,1,0
441,0.0,23.074648021308985,5.35322488584475,0.5256849315068495,1.051369863013699,1.0,1,0,1,0,1,1,0,1,0,1,0,0
442,0.008761415525114157,13.746660958904112,5.8205003805175055,0.43222983257229836,1.051369863013699,1.0,1,0,1,1,0,0,1,1,0,0,1,0
443,0.002920471841704719,110.15727739726032,0.0,0.44391171993911727,1.051369863013699,1.0,1,0,1,1,0,1,0,1,0,0,1,0
444,0.0,21.415820015220707,24.336291856925428,0.5110825722983259,0.8761415525114158,1.0,1,0,1,0,1,1,0,1,0,1,0,0
445,0.002920471841704719,10.122355403348557,3.53377092846271,0.3796613394216134,1.051369863013699,1.0,1,0,1,0,1,1,0,0,1,1,0,0
446,0.005840943683409438,13.586035007610352,0.0,0.321251902587519,1.051369863013699,1.0,1,0,1,0,1,0,1,1,0,1,0,0
447,0.0,10.335549847793,4.018569254185693,0.1606259512937595,1.051369863013699,1.0,0,0,1,0,1,1,0,1,0,1,0,0
448,0.005840943683409438,9.754375951293762,4.99400684931507,0.4380707762557079,1.051369863013699,0.0,0,0,1,0,1,1,0,1,0,1,0,0
449,0.002920471841704719,8.086786529680367,4.5033675799086765,0.5548896499238966,1.051369863013699,1.0,0,0,1,1,0,0,1,0,1,0,1,0
450,0.005840943683409438,6.743369482496195,3.6651921613394234,0.36505898021308986,1.051369863013699,0.0,0,0,1,0,1,0,1,1,0,1,0,0
451,0.005840943683409438,5.71828386605784,4.252207001522071,0.17522831050228313,0.8761415525114158,1.0,1,0,1,0,1,0,1,1,0,0,0,1
452,0.0,11.53002283105023,5.0611777016742785,0.4351503044140031,1.051369863013699,0.0,0,0,1,0,1,1,0,1,0,1,0,0
453,0.0,7.2515315829528175,7.201883561643837,0.26284246575342474,0.5256849315068495,0.0,1,0,1,0,1,1,0,1,0,1,0,0
454,0.0,20.691542998477935,0.0,0.2453196347031964,1.051369863013699,1.0,1,0,1,1,0,1,0,0,1,0,1,0
455,0.005840943683409438,11.270100837138513,0.0,0.280365296803653,1.051369863013699,1.0,1,0,1,0,1,1,0,1,0,0,1,0
456,0.0,12.560949391171995,0.0,0.34461567732115683,1.051369863013699,1.0,1,0,1,0,1,1,0,1,0,0,0,1
457,0.0,10.8291095890411,7.502692161339423,0.5052416286149165,1.051369863013699,1.0,0,0,1,0,1,1,0,1,0,0,0,1
458,0.005840943683409438,12.715734398782347,0.0,0.3971841704718418,1.051369863013699,1.0,1,0,1,1,0,1,0,1,0,1,0,0
459,0.0,24.339212328767125,0.0,0.467275494672755,1.051369863013699,1.0,0,0,1,0,1,1,0,1,0,0,1,0
460,0.0,6.08334284627093,11.924286529680368,0.467275494672755,1.051369863013699,1.0,1,0,1,0,1,1,0,0,1,0,1,0
461,0.008761415525114157,22.604452054794525,0.0,0.373820395738204,0.5256849315068495,1.0,1,0,1,0,1,1,0,1,0,0,0,1
462,0.0,8.805222602739729,6.389992389649925,0.446832191780822,1.051369863013699,1.0,1,0,1,0,1,1,0,1,0,1,0,0
463,0.002920471841704719,15.160169330289197,0.0,0.3855022831050229,1.051369863013699,1.0,1,1,0,1,0,0,1,1,0,0,1,0
464,0.0,12.16668569254186,0.0,0.2862062404870625,1.051369863013699,0.0,0,0,1,1,0,1,0,1,0,0,1,0
465,0.0,17.522831050228316,0.0,0.40886605783866065,1.051369863013699,1.0,1,0,1,1,0,1,0,1,0,1,0,0
466,0.008761415525114157,8.606630517503808,4.8596651445966526,0.20443302891933032,0.5256849315068495,0.0,0,0,1,0,1,0,1,1,0,0,0,1
467,0.0,48.748515981735174,0.0,0.321251902587519,1.051369863013699,1.0,1,0,1,0,1,1,0,1,0,0,1,0
468,0.005840943683409438,0.613299086757991,8.519016362252666,0.2862062404870625,1.051369863013699,1.0,1,1,0,0,1,0,1,1,0,0,1,0
469,0.0,12.654404490106545,7.158076484018266,0.321251902587519,1.051369863013699,1.0,0,0,1,0,1,1,0,1,0,0,0,1
470,0.002920471841704719,10.075627853881283,6.071660958904111,0.4731164383561645,1.051369863013699,1.0,1,0,1,0,1,1,0,0,1,0,1,0
471,0.002920471841704719,7.748011796042619,4.380707762557079,0.33001331811263324,0.5256849315068495,0.0,0,0,1,0,1,0,1,1,0,1,0,0
472,0.008761415525114157,13.699933409436838,0.0,0.29204718417047193,1.051369863013699,1.0,1,0,1,0,1,1,0,1,0,0,1,0
473,0.0,7.301179604261799,0.0,0.27160388127853885,1.051369863013699,1.0,1,1,0,1,0,1,0,0,1,0,0,1
474,0.005840943683409438,16.15605022831051,13.574353120243535,0.4731164383561645,1.051369863013699,1.0,1,0,1,1,0,1,0,1,0,1,0,0
475,0.005840943683409438,48.26079718417048,2.961358447488585,0.4380707762557079,1.051369863013699,1.0,1,0,1,0,1,1,0,0,1,1,0,0
476,0.005840943683409438,19.567161339421617,5.110825722983259,0.6717085235920853,0.8761415525114158,1.0,1,0,1,0,1,1,0,1,0,0,1,0
477,0.005840943683409438,8.390515601217656,5.467123287671234,0.3855022831050229,1.051369863013699,0.0,0,0,1,0,1,1,0,1,0,0,1,0
478,0.002920471841704719,48.675504185692546,6.571061643835618,0.2511605783866058,1.051369863013699,1.0,1,0,1,0,1,1,0,0,1,0,1,0
479,0.005840943683409438,8.606630517503808,4.6815163622526645,0.42759259687769974,1.051369863013699,1.0,0,0,1,0,1,1,0,1,0,0,0,1
480,0.0,12.704052511415528,0.0,0.4497526636225268,1.051369863013699,1.0,1,1,0,1,0,0,1,1,0,1,0,0
481,0.008761415525114157,9.038860350076105,0.0,0.33001331811263324,1.051369863013699,1.0,1,0,1,0,1,0,1,1,0,1,0,0
482,0.0,6.08334284627093,9.199486301369864,0.373820395738204,1.051369863013699,1.0,1,0,1,0,1,1,0,1,0,0,1,0
483,0.0,31.63747146118723,0.0,0.6833904109589043,1.051369863013699,1.0,1,0,1,0,1,1,0,1,0,0,1,0
484,0.005840943683409438,24.336291856925428,0.0,0.7184360730593609,1.051369863013699,1.0,1,0,1,0,1,1,0,1,0,0,1,0
485,0.002920471841704719,5.71828386605784,7.114269406392697,0.38258181126331825,1.051369863013699,1.0,1,0,1,0,1,0,1,1,0,1,0,0
486,0.005840943683409438,10.35891362252664,0.0,0.2336377473363775,1.051369863013699,0.0,0,0,1,1,0,1,0,1,0,1,0,0
487,0.002920471841704719,53.54101027397261,0.0,1.4602359208523594,1.051369863013699,1.0,0,0,1,0,1,1,0,1,0,0,0,1
488,0.005840943683409438,13.384522450532728,6.08334284627093,0.467275494672755,1.051369863013699,1.0,1,0,1,0,1,1,0,0,1,0,1,0
489,0.0,7.111348934550989,0.0,0.21903538812785395,1.051369863013699,1.0,0,0,1,1,0,1,0,1,0,0,0,1
490,0.0,7.882353500761037,8.133514079147645,0.280365296803653,1.051369863013699,1.0,1,0,1,1,0,0,1,1,0,0,1,0
491,0.002920471841704719,15.574876331811268,3.303053652968037,0.5432077625570777,1.051369863013699,1.0,1,0,1,0,1,0,1,1,0,0,0,1
492,0.0,10.779461567732117,0.0,0.321251902587519,1.051369863013699,1.0,1,0,1,1,0,0,1,1,0,1,0,0
493,0.0,50.41610540334856,0.0,0.6571061643835617,1.051369863013699,1.0,1,1,0,1,0,0,1,0,1,0,1,0
494,0.0,10.504937214611875,6.299457762557078,0.3475361491628615,1.051369863013699,0.0,0,0,1,0,1,1,0,1,0,1,0,0
495,0.002920471841704719,9.713489345509899,2.6663907914764082,0.3066495433789955,0.2453196347031964,1.0,1,1,0,0,1,1,0,1,0,0,1,0
496,0.0,7.593226788432268,4.964802130898023,0.31249048706240495,1.051369863013699,1.0,1,0,1,0,1,0,1,1,0,1,0,0
497,0.0,13.507182267884325,8.343788051750382,0.3241723744292238,0.03504566210045663,1.0,1,0,1,0,1,1,0,1,0,0,0,1
498,0.002920471841704719,8.45476598173516,0.0,0.2774448249619483,1.051369863013699,1.0,1,0,1,0,1,1,0,0,1,0,1,0
499,0.0,18.34932458143075,12.896803652968039,0.6103786149162863,1.051369863013699,0.0,0,0,1,1,0,1,0,1,0,1,0,0
500,0.0,1.8837043378995435,10.756097792998478,0.33001331811263324,1.401826484018265,1.0,1,1,0,1,0,1,0,1,0,1,0,0
501,0.0,9.225770547945206,0.0,0.29204718417047193,1.051369863013699,1.0,1,1,0,1,0,1,0,1,0,0,1,0
502,0.005840943683409438,14.20809550989346,16.42473363774734,0.6074581430745816,1.051369863013699,1.0,1,0,1,0,1,1,0,1,0,0,1,0
503,0.002920471841704719,11.827910958904111,15.484341704718421,0.4030251141552512,1.051369863013699,1.0,0,0,1,0,1,0,1,1,0,1,0,0
504,0.0,11.1386796042618,4.331059741248098,0.3621385083713852,0.8761415525114158,1.0,1,0,1,0,1,0,1,1,0,0,1,0
505,0.005840943683409438,10.250856164383565,12.896803652968039,0.7096746575342469,1.051369863013699,1.0,1,0,1,0,1,1,0,1,0,1,0,0
506,0.0,60.842189878234414,19.47078576864536,1.401826484018265,1.051369863013699,1.0,1,0,1,0,1,1,0,1,0,0,0,1
507,0.0,10.464050608828009,0.0,0.280365296803653,1.051369863013699,1.0,0,0,1,1,0,1,0,1,0,0,0,1
508,0.0,7.239849695585997,8.799381659056317,0.5490487062404872,1.051369863013699,1.0,1,0,1,0,1,1,0,0,1,0,0,1
509,0.002920471841704719,38.731297564687985,0.0,0.11681887366818874,1.051369863013699,1.0,1,1,0,1,0,1,0,1,0,0,0,1
510,0.0,10.507857686453578,3.758647260273974,0.29204718417047193,1.051369863013699,1.0,0,0,1,1,0,0,1,1,0,1,0,0
511,0.002920471841704719,17.712661719939124,5.852625570776257,0.7301179604261797,1.051369863013699,1.0,1,0,1,0,1,1,0,1,0,0,1,0
512,0.005840943683409438,9.587909056316594,5.943160197869103,0.43222983257229836,1.051369863013699,1.0,1,0,1,0,1,1,0,1,0,0,0,1
513,0.0,6.220605022831052,19.46786529680366,0.20443302891933032,0.5256849315068495,1.0,0,0,1,0,1,1,0,1,0,0,1,0
514,0.0,16.982543759512943,10.7064497716895,0.9082667427701675,1.051369863013699,1.0,0,0,1,1,0,1,0,1,0,1,0,0
515,0.008761415525114157,10.122355403348557,10.011377473363778,0.4380707762557079,1.051369863013699,1.0,1,0,1,0,1,1,0,1,0,1,0,0
516,0.005840943683409438,5.931478310502285,4.766210045662102,0.33001331811263324,1.401826484018265,1.0,1,1,0,0,1,1,0,1,0,0,1,0
517,0.0,8.977530441400305,5.256849315068494,0.35921803652968043,1.051369863013699,0.0,0,0,1,0,1,0,1,1,0,0,1,0
518,0.0,13.6765696347032,5.592703576864537,0.540287290715373,1.051369863013699,1.0,0,0,1,1,0,1,0,1,0,0,1,0
519,0.0,9.929604261796046,0.0,0.2774448249619483,1.051369863013699,1.0,0,1,0,1,0,0,1,1,0,1,0,0
520,0.005840943683409438,6.401674277016744,5.087461948249621,0.13142123287671237,1.051369863013699,1.0,1,0,1,0,1,0,1,1,0,0,1,0
521,0.0,7.301179604261799,0.0,0.1606259512937595,1.051369863013699,1.0,1,0,1,1,0,1,0,1,0,0,1,0
522,0.008761415525114157,16.579518645357687,4.158751902587519,0.29204718417047193,1.051369863013699,1.0,1,0,1,0,1,1,0,0,1,1,0,0
523,0.005840943683409438,23.211910197869106,20.928101217656017,1.401826484018265,1.051369863013699,1.0,1,0,1,0,1,1,0,0,1,1,0,0
524,0.0,13.667808219178086,6.095024733637747,0.42759259687769974,1.051369863013699,1.0,0,0,1,1,0,1,0,1,0,0,1,0
525,0.005840943683409438,51.10825722983258,0.0,1.1681887366818877,1.051369863013699,1.0,1,0,1,0,1,1,0,0,1,1,0,0
526,0.0,11.024781202435316,0.0,0.321251902587519,1.051369863013699,1.0,1,0,1,0,1,1,0,1,0,0,1,0
527,0.002920471841704719,15.43469368340944,4.176274733637749,0.4701959665144598,1.051369863013699,0.0,1,0,1,0,1,0,1,1,0,0,1,0
528,0.002920471841704719,7.823944063926943,3.802454337899545,0.2745243531202436,1.051369863013699,1.0,1,0,1,1,0,0,1,1,0,0,1,0
529,0.0,19.809560502283112,0.0,0.3796613394216134,1.051369863013699,1.0,1,0,1,1,0,0,1,1,0,0,1,0
530,0.0,2.993483637747337,16.062595129375957,0.6308219178082193,1.051369863013699,1.0,1,0,1,0,1,1,0,1,0,1,0,0
531,0.008761415525114157,12.502539954337902,0.0,0.29204718417047193,1.051369863013699,1.0,1,0,1,0,1,1,0,1,0,0,0,1
532,0.005840943683409438,10.478652968036531,0.0,0.321251902587519,1.051369863013699,0.0,0,0,1,1,0,1,0,1,0,1,0,0
533,0.002920471841704719,32.85530821917809,0.0,0.572412480974125,1.051369863013699,1.0,0,0,1,1,0,1,0,1,0,0,1,0
534,0.0,53.05037100456623,0.0,0.36505898021308986,1.051369863013699,1.0,1,1,0,1,0,0,1,0,1,0,0,1
535,0.0,7.447203196347035,5.963603500761036,0.36797945205479465,1.051369863013699,1.0,1,0,1,1,0,0,1,1,0,1,0,0
536,0.0,17.91125380517504,11.407363013698632,0.946232876712329,1.051369863013699,1.0,1,0,1,0,1,1,0,1,0,0,0,1
537,0.005840943683409438,10.56334665144597,0.0,0.31249048706240495,1.051369863013699,1.0,1,0,1,1,0,1,0,1,0,0,1,0
538,0.0,8.519016362252666,1.5653729071537292,0.19275114155251144,1.051369863013699,1.0,0,0,1,0,1,0,1,1,0,1,0,0
539,0.008761415525114157,18.740667808219182,0.0,0.4585140791476409,0.5256849315068495,1.0,1,0,1,0,1,1,0,1,0,1,0,0
540,0.002920471841704719,13.457534246575346,8.308742389649925,0.40886605783866065,0.5256849315068495,1.0,1,1,0,0,1,1,0,1,0,0,1,0
541,0.0,6.243968797564689,0.0,0.28912671232876713,1.051369863013699,0.0,0,1,0,1,0,1,0,1,0,0,1,0
542,0.002920471841704719,10.665563165905633,0.0,0.2774448249619483,1.051369863013699,1.0,1,1,0,1,0,1,0,1,0,0,1,0
543,0.002920471841704719,6.5389364535768655,7.37127092846271,0.373820395738204,1.051369863013699,1.0,1,0,1,0,1,0,1,1,0,0,0,1
544,0.0,8.811063546423137,1.9362728310502288,0.29788812785388136,1.051369863013699,1.0,1,1,0,0,1,0,1,1,0,0,1,0
545,0.0,8.083866057838664,5.694920091324202,0.4526731354642315,1.051369863013699,1.0,1,0,1,0,1,1,0,1,0,1,0,0
546,0.0,9.806944444444447,0.0,0.2336377473363775,0.10513698630136989,1.0,0,0,1,1,0,0,1,1,0,0,1,0
547,0.0,7.37711187214612,5.207201293759513,0.4234684170471843,1.051369863013699,1.0,1,0,1,1,0,1,0,1,0,1,0,0
548,0.0,14.602359208523598,0.0,0.3008085996955861,1.051369863013699,0.0,0,1,0,1,0,1,0,1,0,0,1,0
549,0.0,8.133514079147645,5.8876712328767145,0.321251902587519,1.051369863013699,1.0,1,0,1,0,1,1,0,1,0,1,0,0
550,0.005840943683409438,19.371489726027402,0.0,0.42759259687769974,1.051369863013699,0.0,0,0,1,0,1,1,0,0,1,1,0,0
551,0.002920471841704719,7.27781582952816,6.936120624048708,0.42759259687769974,1.051369863013699,1.0,1,0,1,0,1,0,1,1,0,1,0,0
552,0.002920471841704719,9.73393264840183,9.491533485540337,0.4614345509893456,1.051369863013699,1.0,1,0,1,0,1,1,0,1,0,0,0,1
553,0.0,7.166837899543381,6.81346080669711,0.5286054033485541,1.051369863013699,0.0,0,0,1,0,1,0,1,1,0,0,0,1
554,0.0,10.493255327245055,12.458732876712332,0.3855022831050229,0.5256849315068495,0.0,0,0,1,0,1,1,0,1,0,1,0,0
555,0.002920471841704719,15.969140030441404,3.0139269406392697,0.0759322678843227,1.051369863013699,1.0,1,0,1,0,1,1,0,1,0,0,1,0
556,0.0,7.788898401826487,4.745766742770169,0.2453196347031964,1.051369863013699,1.0,1,1,0,1,0,1,0,1,0,0,0,1
557,0.008761415525114157,29.610664003044146,0.0,0.7593226788432268,1.051369863013699,1.0,1,0,1,0,1,1,0,0,1,0,1,0
558,0.0,11.351874048706241,7.794739345509895,0.4731164383561645,1.051369863013699,1.0,1,0,1,0,1,1,0,1,0,0,1,0
559,0.0,12.207572298325726,6.734608066971082,0.5315258751902588,1.051369863013699,1.0,1,1,0,0,1,1,0,1,0,0,1,0
560,0.005840943683409438,10.732734018264843,0.706754185692542,0.31541095890410964,1.051369863013699,1.0,1,0,1,0,1,0,1,1,0,0,1,0
561,0.002920471841704719,56.902473363774746,0.0,1.7522831050228316,1.051369863013699,1.0,1,1,0,0,1,1,0,0,1,0,1,0
562,0.0,17.29795471841705,5.9986491628614935,0.6162195585996956,1.051369863013699,1.0,1,0,1,0,1,1,0,1,0,1,0,0
563,0.0,16.938736681887367,0.0,0.3855022831050229,1.051369863013699,1.0,1,0,1,1,0,0,1,0,1,0,1,0
564,0.005840943683409438,25.697231735159825,0.0,0.7534817351598174,1.051369863013699,0.0,0,0,1,0,1,1,0,1,0,0,0,1
565,0.0,13.045747716894981,0.0,0.35045662100456626,1.051369863013699,1.0,1,0,1,0,1,0,1,1,0,1,0,0
566,0.0,9.73393264840183,0.0,0.20443302891933032,1.051369863013699,1.0,1,0,1,1,0,1,0,1,0,0,0,1
567,0.008761415525114157,9.929604261796046,7.301179604261799,0.35921803652968043,1.051369863013699,0.0,0,0,1,0,1,1,0,1,0,1,0,0
568,0.0,6.944882039573821,0.0,0.026284246575342472,1.051369863013699,1.0,0,1,0,1,0,1,0,1,0,0,0,1
569,0.0,9.24621385083714,6.027853881278539,0.3037290715372908,1.051369863013699,0.0,0,0,1,0,1,1,0,1,0,0,0,1
570,0.002920471841704719,9.979252283105025,5.110825722983259,0.5432077625570777,1.051369863013699,1.0,1,0,1,0,1,1,0,1,0,0,0,1
571,0.0,14.941133942161342,4.237604642313547,0.48187785388127863,1.051369863013699,0.0,0,0,1,0,1,1,0,1,0,0,0,1
572,0.005840943683409438,48.672583713850855,0.0,0.8031297564687978,1.051369863013699,1.0,1,0,1,0,1,1,0,1,0,0,0,1
573,0.005840943683409438,17.887890030441405,4.745766742770169,0.5461282343987824,1.401826484018265,1.0,0,0,1,0,1,0,1,1,0,0,1,0
574,0.008761415525114157,18.70854261796043,0.0,0.4380707762557079,1.051369863013699,1.0,0,0,1,0,1,1,0,1,0,0,1,0
575,0.005840943683409438,9.225770547945206,1.3463375190258755,0.31541095890410964,0.2453196347031964,1.0,1,0,1,0,1,1,0,1,0,0,0,1
576,0.0,9.01549657534247,6.454242770167429,0.3971841704718418,1.051369863013699,0.0,0,0,1,0,1,1,0,1,0,0,1,0
577,0.0,9.430203576864537,7.999172374429227,0.321251902587519,1.051369863013699,1.0,1,0,1,1,0,1,0,1,0,0,0,1
578,0.002920471841704719,5.20428082191781,6.518493150684933,0.31249048706240495,1.051369863013699,1.0,1,0,1,0,1,1,0,1,0,1,0,0
579,0.0,9.292941400304416,8.519016362252666,0.4701959665144598,1.051369863013699,1.0,1,0,1,1,0,1,0,1,0,0,0,1
580,0.005840943683409438,19.099885844748858,0.0,0.5986967275494676,1.051369863013699,1.0,1,0,1,0,1,1,0,1,0,0,1,0
581,0.0,5.361986301369864,98.82000570776258,0.26284246575342474,1.051369863013699,1.0,0,0,1,1,0,1,0,1,0,0,0,1
582,0.0,9.24621385083714,0.0,0.10513698630136989,1.051369863013699,1.0,1,1,0,0,1,1,0,1,0,0,1,0
583,0.002920471841704719,5.490487062404871,0.0,0.1781487823439879,1.051369863013699,1.0,0,0,1,0,1,1,0,1,0,1,0,0
584,0.002920471841704719,8.139355022831053,5.598544520547946,0.426388888888889,1.051369863013699,0.0,0,0,1,0,1,1,0,1,0,1,0,0
585,0.002920471841704719,12.508380898021311,8.761415525114158,0.5023211567732117,0.2453196347031964,1.0,0,0,1,0,1,1,0,1,0,1,0,0
586,0.0,6.70832382039574,4.444958143074582,0.3037290715372908,1.051369863013699,1.0,1,0,1,0,1,1,0,1,0,0,0,1
587,0.0,6.322821537290716,0.0,0.20443302891933032,1.051369863013699,1.0,1,1,0,1,0,0,1,1,0,0,1,0
588,0.0,13.872241248097415,0.0,0.2745243531202436,1.051369863013699,1.0,1,0,1,1,0,1,0,1,0,0,1,0
589,0.005840943683409438,7.961206240487064,0.0,0.3095700152207002,1.051369863013699,0.0,0,0,1,0,1,1,0,0,1,0,1,0
590,0.0,8.761415525114158,9.97633181126332,0.16354642313546428,0.5256849315068495,1.0,1,0,1,0,1,1,0,1,0,0,1,0
591,0.005840943683409438,17.522831050228316,0.0,0.5986967275494676,0.7009132420091325,1.0,0,0,1,0,1,1,0,0,1,0,1,0
592,0.008761415525114157,27.326855022831054,0.0,0.852777777777778,1.051369863013699,1.0,1,0,1,1,0,1,0,0,1,0,1,0
593,0.0,11.270100837138513,9.637557077625573,0.41470700152207013,0.5256849315068495,1.0,1,0,1,0,1,1,0,1,0,1,0,0
594,0.0,47.07800608828007,0.0,0.7593226788432268,1.051369863013699,1.0,1,0,1,0,1,1,0,0,1,0,0,1
595,0.0,11.19416856925419,0.0,0.321251902587519,1.051369863013699,1.0,1,0,1,1,0,0,1,1,0,1,0,0
596,0.005840943683409438,18.641371765601225,2.920471841704719,0.5461282343987824,1.051369863013699,1.0,0,0,1,0,1,0,1,0,1,1,0,0
597,0.0,8.723449391171997,0.0,0.25700152207001525,1.051369863013699,0.0,0,0,1,1,0,1,0,1,0,0,1,0
598,0.0,29.096660958904113,0.0,0.5256849315068495,1.051369863013699,1.0,1,0,1,0,1,1,0,0,1,1,0,0
599,0.005840943683409438,16.880327245053277,0.0,0.560730593607306,1.051369863013699,1.0,1,0,1,0,1,1,0,1,0,0,0,1
600,0.008761415525114157,1.2149162861491631,121.68730022831053,1.0221651445966518,0.5256849315068495,1.0,0,1,0,1,0,1,0,1,0,0,0,1
601,0.0,8.451845509893456,8.153957382039575,0.4526731354642315,1.051369863013699,1.0,1,0,1,0,1,0,1,1,0,1,0,0
602,0.008761415525114157,16.655450913242017,0.0,0.373820395738204,1.051369863013699,1.0,1,0,1,0,1,1,0,1,0,0,0,1
603,0.0,10.735654490106546,12.560949391171995,0.5023211567732117,1.051369863013699,1.0,1,0,1,1,0,1,0,1,0,1,0,0
604,0.002920471841704719,35.04566210045663,0.0,1.448554033485541,1.051369863013699,1.0,1,1,0,0,1,1,0,1,0,0,1,0
605,0.0,7.009132420091326,11.09779299847793,0.42759259687769974,0.5256849315068495,1.0,0,0,1,0,1,0,1,1,0,0,0,1
606,0.002920471841704719,9.929604261796046,7.301179604261799,0.5052416286149165,1.051369863013699,1.0,1,0,1,0,1,1,0,1,0,0,1,0
607,0.005840943683409438,11.643921232876714,4.120785768645359,0.4585140791476409,1.051369863013699,1.0,1,0,1,0,1,0,1,1,0,1,0,0
608,0.0,9.43896499238965,5.694920091324202,0.31541095890410964,1.051369863013699,1.0,1,0,1,0,1,1,0,1,0,1,0,0
609,0.0,8.469368340943683,0.0,0.20735350076103506,1.051369863013699,1.0,1,1,0,1,0,1,0,1,0,1,0,0
610,0.008761415525114157,11.991457382039576,0.0,0.11681887366818874,0.5256849315068495,1.0,1,0,1,0,1,1,0,1,0,1,0,0
611,0.002920471841704719,23.574048706240493,0.7009132420091325,0.7388793759512939,1.051369863013699,1.0,1,0,1,0,1,1,0,1,0,0,0,1
612,0.005840943683409438,22.145937975646884,0.0,0.5461282343987824,1.051369863013699,1.0,1,0,1,0,1,1,0,1,0,0,0,1
613,0.0,13.384522450532728,0.0,0.3884227549467277,1.051369863013699,0.0,0,1,0,1,0,1,0,0,1,0,1,0
