,ApplicantIncome,CoapplicantIncome,LoanAmount,Loan_Amount_Term,Credit_History,Loan_Status,Gender_Female,Gender_Male,Married_No,Married_Yes,Education_Graduate,Education_Not Graduate,Self_Employed_No,Self_Employed_Yes,Property_Area_Rural,Property_Area_Semiurban,Property_Area_Urban
0,12.472222222222221,-0.025641025641025623,0.2872054747054747,0.7435897435897434,1.0,1,0,1,1,0,1,0,1,0,0,0,1
1,9.767094017094015,3.1965811965811968,0.24786324786324784,0.7435897435897434,1.0,0,0,1,0,1,1,0,1,0,1,0,0
2,6.384615384615385,-0.025641025641025623,0.11538461538461539,0.7435897435897434,1.0,1,0,1,0,1,1,0,0,1,0,0,1
3,5.493589743589743,5.012820512820512,0.23076923076923078,0.7435897435897434,1.0,1,0,1,0,1,0,1,1,0,0,0,1
4,12.794871794871796,-0.025641025641025623,0.2756410256410256,0.7435897435897434,1.0,1,0,1,1,0,1,0,1,0,0,0,1
5,11.5491452991453,8.940170940170939,0.5448717948717948,0.7435897435897434,1.0,1,0,1,0,1,1,0,0,1,0,0,1
6,4.959401709401709,3.2136752136752142,0.17735042735042733,0.7435897435897434,1.0,1,0,1,0,1,0,1,1,0,0,0,1
7,6.46153846153846,5.3247863247863245,0.3119658119658119,0.7435897435897434,0.0,0,0,1,0,1,1,0,1,0,0,1,0
8,8.534188034188034,3.2350427350427355,0.3333333333333333,0.7435897435897434,1.0,1,0,1,0,1,1,0,1,0,0,0,1
9,27.41239316239316,23.410256410256412,0.7200854700854699,0.7435897435897434,1.0,0,0,1,0,1,1,0,1,0,0,1,0
10,6.811965811965811,1.47008547008547,0.12393162393162394,0.7435897435897434,1.0,1,0,1,0,1,1,0,1,0,0,0,1
11,5.316239316239315,3.9059829059829054,0.20726495726495728,0.7435897435897434,1.0,1,0,1,0,1,1,0,1,0,0,0,1
12,6.54059829059829,17.294871794871796,0.4017094017094016,0.7435897435897434,1.0,1,0,1,0,1,1,0,1,0,0,0,1
13,3.933760683760683,6.042735042735042,0.21794871794871792,0.7435897435897434,1.0,0,0,1,1,0,1,0,1,0,1,0,0
14,2.75,2.2948717948717947,0.010683760683760705,0.23076923076923078,1.0,1,0,1,0,1,1,0,1,0,0,0,1
15,10.551282051282051,-0.025641025641025623,0.24145299145299143,0.7435897435897434,1.0,1,0,1,1,0,1,0,1,0,0,0,1
16,7.658119658119658,-0.025641025641025623,0.18803418803418806,0.48717948717948717,1.0,1,0,1,1,0,0,1,1,0,0,0,1
17,7.474358974358974,-0.025641025641025623,0.13675213675213677,0.7435897435897434,0.0,0,1,0,1,0,1,0,1,0,0,0,1
18,10.416666666666664,-0.025641025641025623,0.2585470085470085,0.7435897435897434,1.0,0,0,1,0,1,0,1,1,0,1,0,0
19,5.529914529914529,7.452991452991453,0.22008547008547008,0.7435897435897434,1.0,1,0,1,0,1,1,0,1,0,0,0,1
20,16.34188034188034,-0.025641025641025623,0.19658119658119658,0.7435897435897434,0.0,0,0,1,0,1,0,1,1,0,0,0,1
21,12.698717948717947,11.993589743589743,0.6474358974358975,0.7435897435897434,1.0,1,0,1,0,1,1,0,1,0,0,0,1
22,5.529914529914529,4.0576923076923075,0.2222222222222222,0.7435897435897434,0.0,0,0,1,0,1,0,1,1,0,0,1,0
23,7.164529914529912,4.070512820512819,0.2136752136752137,0.7435897435897434,0.0,0,0,1,0,1,0,1,1,0,1,0,0
24,7.916666666666666,6.224358974358974,0.29700854700854695,0.7435897435897434,1.0,0,0,1,0,1,1,0,1,0,0,1,0
25,20.4017094017094,-0.025641025641025623,0.3824786324786325,0.7435897435897434,1.0,1,0,1,0,1,1,0,0,1,0,1,0
26,5.955128205128204,4.788461538461537,0.23504273504273498,0.7435897435897434,1.0,1,0,1,0,1,1,0,1,0,0,1,0
27,9.004273504273504,2.1965811965811963,0.2094017094017094,0.7435897435897434,1.0,1,0,1,0,1,0,1,1,0,0,0,1
28,3.055555555555556,-0.025641025641025623,0.0491452991452992,0.7435897435897434,1.0,0,0,1,1,0,0,1,1,0,0,0,1
29,7.987179487179487,4.425213675213675,0.23076923076923078,0.7435897435897434,1.0,1,1,0,1,0,1,0,1,0,0,1,0
30,8.876068376068375,7.1730769230769225,0.40384615384615385,0.7435897435897434,1.0,0,0,1,0,1,1,0,1,0,0,0,1
31,6.741452991452991,-0.025641025641025623,0.13247863247863248,0.7435897435897434,1.0,0,0,1,1,0,1,0,1,0,0,0,1
32,9.999999999999998,-0.025641025641025623,0.20085470085470086,0.7435897435897434,1.0,0,0,1,1,0,1,0,0,1,1,0,0
33,7.452991452991453,3.5363247863247853,0.21794871794871792,0.7435897435897434,1.0,1,0,1,0,1,1,0,1,0,0,1,0
34,26.68376068376068,6.384615384615385,0.6581196581196581,0.7435897435897434,1.0,0,0,1,1,0,1,0,1,0,1,0,0
35,4.835470085470085,4.39102564102564,0.2872054747054747,0.7435897435897434,1.0,1,0,1,0,1,1,0,1,0,0,0,1
36,3.88034188034188,2.8162393162393156,0.18803418803418806,0.7435897435897434,0.0,0,0,1,0,1,1,0,1,0,0,0,1
37,7.809829059829058,3.091880341880342,0.28205128205128205,0.7435897435897434,1.0,1,1,0,0,1,1,0,1,0,0,1,0
38,8.876068376068375,15.38034188034188,0.3675213675213675,0.7435897435897434,1.0,1,0,1,1,0,1,0,1,0,0,0,1
39,7.982905982905982,3.5384615384615374,0.2094017094017094,0.7435897435897434,1.0,1,0,1,1,0,0,1,1,0,0,1,0
40,7.666666666666666,-0.025641025641025623,0.1452991452991453,0.7435897435897434,1.0,0,0,1,1,0,1,0,1,0,0,0,1
41,3.8205128205128203,2.566239316239316,0.07478632478632478,0.7435897435897434,1.0,1,0,1,1,0,1,0,1,0,0,0,1
42,5.102564102564102,-0.025641025641025623,0.1346153846153846,0.7435897435897434,1.0,1,0,1,0,1,1,0,1,0,0,0,1
43,8.395299145299145,4.965811965811965,0.2606837606837607,0.7435897435897434,1.0,1,0,1,0,1,1,0,1,0,0,1,0
44,10.006410256410255,-0.025641025641025623,0.17948717948717952,0.7435897435897434,1.0,1,0,1,0,1,0,1,0,1,0,0,1
45,7.260683760683761,-0.025641025641025623,0.16239316239316245,0.7435897435897434,1.0,1,1,0,1,0,1,0,1,0,0,0,1
46,12.044871794871796,-0.025641025641025623,0.06837606837606842,0.7435897435897434,1.0,1,0,1,0,1,1,0,1,0,0,0,1
47,12.412393162393164,-0.025641025641025623,0.28205128205128205,0.7435897435897434,1.0,1,0,1,0,1,1,0,1,0,0,0,1
48,5.626068376068375,7.324786324786323,0.23076923076923078,0.7435897435897434,0.0,0,1,0,0,1,1,0,1,0,0,0,1
49,8.521367521367518,4.835470085470085,0.28205128205128205,0.7435897435897434,1.0,1,1,0,1,0,1,0,1,0,0,1,0
50,4.094017094017094,3.4871794871794877,0.18803418803418806,0.7435897435897434,1.0,1,1,0,0,1,0,1,1,0,0,1,0
51,6.568376068376068,-0.025641025641025623,0.23076923076923078,0.7435897435897434,1.0,1,1,0,1,0,1,0,1,0,0,1,0
52,9.012820512820513,-0.025641025641025623,0.2136752136752137,0.7435897435897434,1.0,0,1,0,1,0,1,0,1,0,0,1,0
53,9.837606837606836,-0.025641025641025623,0.2606837606837607,0.7435897435897434,1.0,0,0,1,0,1,1,0,1,0,0,0,1
54,24.54700854700854,-0.025641025641025623,0.5854700854700855,0.7435897435897434,0.0,0,1,0,0,1,1,0,0,1,0,0,1
55,5.760683760683759,2.4679487179487176,0.1816239316239316,0.7435897435897434,1.0,1,0,1,0,1,1,0,1,0,0,1,0
56,4.52991452991453,3.3739316239316235,0.17948717948717952,0.7435897435897434,1.0,1,0,1,0,1,1,0,1,0,0,1,0
57,7.166666666666665,4.675213675213675,0.26282051282051283,0.7435897435897434,1.0,0,0,1,0,1,1,0,1,0,1,0,0
58,17.23931623931624,4.782051282051281,0.358974358974359,0.7435897435897434,1.0,1,0,1,0,1,1,0,1,0,0,0,1
59,7.147435897435898,6.083333333333332,0.28205128205128205,0.7435897435897434,1.0,1,0,1,0,1,0,1,1,0,0,0,1
60,5.316239316239315,8.085470085470083,0.23076923076923078,0.7435897435897434,1.0,1,0,1,0,1,1,0,1,0,0,0,1
61,6.446581196581196,-0.025641025641025623,0.18589743589743588,0.7435897435897434,1.0,1,0,1,0,1,1,0,1,0,0,0,1
62,5.549145299145298,7.344017094017092,0.326923076923077,0.358974358974359,0.0,0,0,1,0,1,0,1,0,1,1,0,0
63,10.540598290598291,-0.025641025641025623,0.2872054747054747,0.7435897435897434,0.0,0,0,1,0,1,1,0,1,0,1,0,0
64,8.876068376068375,-0.025641025641025623,0.2222222222222222,0.7435897435897434,0.0,0,1,0,1,0,1,0,1,0,0,1,0
65,12.209401709401709,9.792735042735043,0.5256410256410255,0.7435897435897434,1.0,0,0,1,0,1,1,0,1,0,0,1,0
66,6.811965811965811,4.79059829059829,0.24358974358974358,0.358974358974359,0.0,0,0,1,1,0,0,1,1,0,0,0,1
67,22.944444444444443,-0.025641025641025623,0.641025641025641,0.7435897435897434,1.0,1,0,1,0,1,1,0,1,0,0,0,1
68,15.145299145299145,-0.025641025641025623,0.24145299145299143,0.1025641025641026,1.0,1,0,1,0,1,0,1,0,1,0,0,1
69,9.16239316239316,-0.025641025641025623,0.26495726495726496,0.7435897435897434,0.0,0,1,0,1,0,1,0,1,0,0,1,0
70,6.82905982905983,6.525641025641025,0.3418803418803419,0.7435897435897434,1.0,1,0,1,0,1,1,0,1,0,0,0,1
71,3.980769230769231,3.980769230769231,0.1816239316239316,0.7435897435897434,1.0,1,0,1,0,1,0,1,0,1,0,1,0
72,7.452991452991453,-0.025641025641025623,0.1474358974358974,0.6153846153846153,1.0,1,0,1,1,0,1,0,1,0,0,1,0
73,10.134615384615383,-0.025641025641025623,0.17735042735042733,0.7435897435897434,0.0,0,0,1,0,1,0,1,1,0,0,1,0
74,11.226495726495726,3.7649572649572645,0.3739316239316239,0.7435897435897434,1.0,1,0,1,0,1,1,0,0,1,0,1,0
75,7.987179487179487,-0.025641025641025623,0.2158119658119658,1.0,1.0,0,0,1,1,0,1,0,1,0,0,0,1
76,7.987179487179487,10.123931623931623,0.35042735042735046,0.7435897435897434,1.0,0,0,1,1,0,1,0,1,0,0,0,1
77,2.1111111111111107,6.431623931623931,0.2094017094017094,0.7435897435897434,1.0,0,0,1,0,1,1,0,0,1,0,0,1
78,6.741452991452991,8.521367521367518,0.358974358974359,0.6153846153846153,0.0,0,0,1,0,1,1,0,1,0,0,1,0
79,7.096153846153846,4.602564102564103,0.2521367521367522,0.7435897435897434,1.0,1,0,1,0,1,0,1,0,1,0,1,0
80,8.19230769230769,-0.025641025641025623,0.21153846153846156,0.7435897435897434,1.0,1,1,0,1,0,1,0,1,0,0,1,0
81,5.0918803418803416,-0.025641025641025623,0.2872054747054747,0.7435897435897434,1.0,1,0,1,0,1,1,0,0,1,0,1,0
82,2.918803418803419,3.9935897435897427,0.3311965811965812,0.7435897435897434,1.0,0,1,0,0,1,1,0,1,0,0,0,1
83,12.794871794871796,4.782051282051281,0.5405982905982905,0.7435897435897434,1.0,0,0,1,0,1,1,0,1,0,0,1,0
84,8.495726495726496,-0.025641025641025623,0.08119658119658124,0.48717948717948717,1.0,1,0,1,0,1,1,0,1,0,0,0,1
85,5.02991452991453,5.382478632478631,0.26495726495726496,0.7435897435897434,1.0,1,0,1,1,0,1,0,1,0,0,1,0
86,7.096153846153846,4.247863247863246,0.18589743589743588,0.7435897435897434,1.0,1,0,1,0,1,0,1,1,0,0,1,0
87,5.316239316239315,4.5,0.19658119658119658,0.7435897435897434,1.0,1,0,1,0,1,1,0,1,0,0,1,0
88,18.277777777777775,-0.025641025641025623,0.423076923076923,0.7435897435897434,1.0,1,0,1,1,0,1,0,1,0,0,0,1
89,12.143162393162395,8.878205128205126,0.3482905982905983,0.7435897435897434,1.0,1,0,1,0,1,1,0,1,0,0,1,0
90,6.294871794871793,6.170940170940169,0.2542735042735043,0.7435897435897434,1.0,1,0,1,0,1,1,0,1,0,0,1,0
91,13.329059829059828,12.055555555555555,0.3760683760683761,0.358974358974359,1.0,1,0,1,0,1,1,0,1,0,0,1,0
92,6.967948717948717,3.863247863247863,0.1474358974358974,0.7435897435897434,1.0,1,0,1,0,1,0,1,1,0,0,0,1
93,8.805555555555554,-0.025641025641025623,0.23504273504273498,0.7435897435897434,1.0,1,0,1,1,0,1,0,1,0,0,1,0
94,7.709401709401708,-0.025641025641025623,0.027777777777777787,0.23076923076923078,1.0,1,0,1,1,0,0,1,1,0,0,1,0
95,14.465811965811966,-0.025641025641025623,0.2872054747054747,0.7435897435897434,1.0,0,0,1,1,0,1,0,1,0,0,0,1
96,5.282051282051281,4.893162393162392,0.26709401709401703,0.7435897435897434,1.0,1,1,0,0,1,1,0,1,0,0,1,0
97,4.198717948717949,2.1047008547008543,0.08119658119658124,0.7435897435897434,1.0,1,0,1,0,1,1,0,1,0,0,1,0
98,8.923076923076922,-0.025641025641025623,0.22008547008547008,0.358974358974359,1.0,1,0,1,0,1,0,1,1,0,0,1,0
99,3.732905982905982,7.5405982905982905,0.2542735042735043,0.7435897435897434,1.0,1,0,1,0,1,1,0,1,0,0,1,0
100,9.136752136752136,6.946581196581198,0.2585470085470085,0.358974358974359,1.0,1,0,1,0,1,0,1,1,0,0,0,1
101,10.32264957264957,8.106837606837606,0.29700854700854695,0.7435897435897434,1.0,1,0,1,1,0,1,0,1,0,0,1,0
102,29.141025641025635,-0.025641025641025623,0.2872054747054747,0.7435897435897434,1.0,1,0,1,0,1,1,0,1,0,0,0,1
103,9.914529914529915,7.630341880341879,0.2872054747054747,0.7435897435897434,1.0,1,0,1,0,1,1,0,1,0,0,1,0
104,8.128205128205126,1.5854700854700852,0.3162393162393162,0.7435897435897434,1.0,1,0,1,0,1,1,0,1,0,0,0,1
105,6.495726495726497,2.175213675213675,0.18803418803418806,0.7435897435897434,1.0,1,0,1,0,1,1,0,1,0,0,0,1
106,24.369658119658116,2.3803418803418803,0.4551282051282051,0.7435897435897434,1.0,1,0,1,0,1,1,0,1,0,0,0,1
107,15.643162393162388,-0.025641025641025623,0.23076923076923078,0.7435897435897434,1.0,0,0,1,1,0,0,1,1,0,1,0,0
108,8.094017094017094,7.666666666666666,0.43589743589743596,0.7435897435897434,0.0,0,0,1,0,1,1,0,1,0,0,0,1
109,4.399572649572649,1.5854700854700852,0.1752136752136752,1.0,1.0,1,0,1,0,1,0,1,1,0,0,1,0
110,11.333333333333334,-0.025641025641025623,0.26495726495726496,0.7435897435897434,1.0,1,0,1,1,0,1,0,1,0,0,0,1
111,6.232905982905982,4.959401709401709,0.27136752136752135,0.7435897435897434,1.0,1,1,0,0,1,1,0,1,0,0,1,0
112,7.6068376068376065,8.764957264957264,0.2991452991452992,0.7435897435897434,0.0,0,0,1,0,1,0,1,1,0,1,0,0
113,15.895299145299147,-0.025641025641025623,0.2872054747054747,0.7435897435897434,1.0,1,1,0,1,0,1,0,0,1,0,1,0
114,10.764957264957266,-0.025641025641025623,0.2264957264957265,0.7435897435897434,1.0,1,0,1,1,0,1,0,1,0,0,1,0
115,31.13461538461538,-0.025641025641025623,0.3696581196581196,0.358974358974359,1.0,1,0,1,0,1,1,0,1,0,1,0,0
116,6.741452991452991,4.852564102564102,0.3034188034188034,0.7435897435897434,1.0,1,1,0,0,1,1,0,1,0,0,1,0
117,4.705128205128205,2.961538461538461,0.15598290598290598,0.7435897435897434,1.0,1,0,1,0,1,1,0,1,0,0,0,1
118,11.87179487179487,4.55128205128205,0.3482905982905983,0.7435897435897434,1.0,0,0,1,0,1,1,0,1,0,1,0,0
119,22.213675213675213,-0.025641025641025623,0.5277777777777777,0.7435897435897434,1.0,1,1,0,1,0,1,0,1,0,0,0,1
120,12.083333333333334,5.673076923076923,0.358974358974359,0.7435897435897434,1.0,1,0,1,0,1,1,0,1,0,1,0,0
121,8.876068376068375,-0.025641025641025623,0.06837606837606842,0.7435897435897434,1.0,1,1,0,1,0,1,0,1,0,0,1,0
122,4.5405982905982905,19.162393162393162,0.26709401709401703,0.7435897435897434,0.0,1,1,0,1,0,1,0,1,0,0,1,0
123,6.292735042735043,-0.025641025641025623,0.1474358974358974,0.7435897435897434,1.0,1,0,1,0,1,1,0,1,0,0,1,0
124,9.16239316239316,4.277777777777777,0.38888888888888884,0.7435897435897434,1.0,1,0,1,0,1,0,1,1,0,1,0,0
125,7.863247863247863,-0.025641025641025623,0.17307692307692307,0.7435897435897434,1.0,1,1,0,1,0,1,0,1,0,1,0,0
126,50.83547008547007,-0.025641025641025623,0.7649572649572648,0.7435897435897434,1.0,1,0,1,0,1,1,0,1,0,1,0,0
127,8.232905982905981,3.4786324786324787,0.2872054747054747,0.7435897435897434,1.0,1,0,1,1,0,1,0,1,0,1,0,0
128,22.438034188034184,8.200854700854702,0.3162393162393162,0.358974358974359,0.0,0,0,1,0,1,1,0,0,1,0,0,1
129,12.965811965811966,5.463675213675213,0.36324786324786323,0.7435897435897434,1.0,0,0,1,0,1,1,0,1,0,1,0,0
130,43.06410256410256,-0.025641025641025623,1.363247863247863,1.0,1.0,1,0,1,1,0,1,0,0,1,0,0,1
131,4.277777777777777,4.096153846153845,0.13247863247863248,0.7435897435897434,1.0,1,0,1,1,0,1,0,1,0,0,0,1
132,5.78205128205128,-0.025641025641025623,0.12393162393162394,0.7435897435897434,1.0,1,0,1,1,0,1,0,1,0,0,1,0
133,7.365384615384614,-0.025641025641025623,0.027777777777777787,0.23076923076923078,1.0,1,0,1,0,1,1,0,0,1,0,1,0
134,10.433760683760681,-0.025641025641025623,0.19230769230769224,0.7435897435897434,1.0,1,0,1,1,0,1,0,1,0,0,1,0
135,8.521367521367518,16.534188034188034,0.594017094017094,0.7435897435897434,1.0,0,0,1,0,1,1,0,1,0,0,1,0
136,9.767094017094015,-0.025641025641025623,0.15384615384615383,0.7435897435897434,1.0,0,1,0,0,1,1,0,1,0,1,0,0
137,7.059829059829059,7.452991452991453,0.16239316239316245,0.7435897435897434,1.0,1,0,1,0,1,1,0,0,1,0,0,1
138,32.02350427350427,-0.025641025641025623,0.49145299145299143,0.7435897435897434,0.0,0,0,1,1,0,1,0,1,0,0,1,0
139,8.948717948717947,3.02991452991453,0.24999999999999994,0.7435897435897434,1.0,0,0,1,0,1,0,1,1,0,1,0,0
140,10.747863247863245,4.425213675213675,0.3696581196581196,0.7435897435897434,1.0,0,0,1,0,1,1,0,1,0,1,0,0
141,11.5491452991453,-0.025641025641025623,0.3333333333333333,0.7435897435897434,1.0,1,0,1,1,0,1,0,1,0,0,0,1
142,14.824786324786322,-0.025641025641025623,0.3482905982905983,0.358974358974359,1.0,1,0,1,1,0,1,0,0,1,0,1,0
143,5.739316239316237,4.320512820512819,0.23504273504273498,0.7435897435897434,1.0,1,0,1,0,1,1,0,1,0,0,1,0
144,25.096153846153847,-0.025641025641025623,0.3739316239316239,0.358974358974359,1.0,1,0,1,0,1,1,0,1,0,0,0,1
145,4.952991452991451,9.55982905982906,0.18803418803418806,0.7435897435897434,1.0,1,1,0,0,1,1,0,1,0,0,1,0
146,31.739316239316235,-0.025641025641025623,0.12393162393162394,0.7435897435897434,1.0,1,1,0,0,1,1,0,1,0,0,0,1
147,3.26068376068376,3.0192307692307696,0.03846153846153849,0.7435897435897434,1.0,1,0,1,0,1,1,0,1,0,0,0,1
148,21.34188034188034,3.5341880341880345,0.4551282051282051,0.7435897435897434,1.0,0,1,0,1,0,1,0,1,0,1,0,0
149,10.358974358974358,1.7478632478632479,0.24145299145299143,0.7435897435897434,1.0,1,0,1,0,1,1,0,1,0,0,1,0
150,13.386752136752138,-0.025641025641025623,0.2264957264957265,0.7435897435897434,0.0,0,0,1,1,0,1,0,1,0,1,0,0
151,5.48076923076923,7.987179487179487,0.2991452991452992,0.7435897435897434,1.0,1,0,1,0,1,1,0,0,1,1,0,0
152,19.55982905982906,-0.025641025641025623,0.4957264957264956,0.7435897435897434,1.0,0,0,1,1,0,1,0,1,0,0,0,1
153,4.848290598290598,-0.025641025641025623,0.2158119658119658,0.7435897435897434,1.0,0,0,1,0,1,0,1,1,0,1,0,0
154,6.927350427350427,-0.025641025641025623,0.08119658119658124,0.7435897435897434,1.0,1,0,1,1,0,1,0,1,0,0,0,1
155,85.44230769230768,-0.025641025641025623,1.2564102564102562,0.358974358974359,0.0,1,0,1,0,1,1,0,1,0,0,1,0
156,12.794871794871796,-0.025641025641025623,0.3162393162393162,0.7435897435897434,1.0,1,0,1,0,1,1,0,1,0,1,0,0
157,20.354700854700855,-0.025641025641025623,0.3739316239316239,0.7435897435897434,1.0,1,0,1,0,1,1,0,1,0,0,0,1
158,6.341880341880341,4.425213675213675,0.23076923076923078,0.7435897435897434,1.0,1,0,1,1,0,1,0,1,0,1,0,0
159,9.767094017094015,11.993589743589743,0.5192307692307692,0.7435897435897434,1.0,1,0,1,0,1,1,0,1,0,0,1,0
160,3.955128205128205,2.1987179487179485,0.18376068376068377,0.7435897435897434,1.0,1,0,1,0,1,0,1,1,0,0,1,0
161,16.925213675213673,-0.025641025641025623,0.5619658119658121,0.7435897435897434,1.0,0,0,1,0,1,1,0,1,0,0,0,1
162,6.574786324786324,2.7094017094017095,0.2329059829059829,0.7435897435897434,0.0,0,0,1,0,1,1,0,1,0,0,1,0
163,8.878205128205126,3.066239316239316,0.3119658119658119,0.7435897435897434,1.0,1,0,1,0,1,1,0,1,0,1,0,0
164,19.895299145299145,-0.025641025641025623,0.1346153846153846,0.358974358974359,1.0,1,0,1,0,1,1,0,1,0,0,0,1
165,7.895299145299145,6.739316239316239,0.36324786324786323,0.7435897435897434,1.0,1,0,1,0,1,1,0,1,0,1,0,0
166,9.767094017094015,-0.025641025641025623,0.2136752136752137,0.7435897435897434,1.0,0,1,0,0,1,1,0,1,0,1,0,0
167,5.185897435897435,7.096153846153846,0.24999999999999994,0.7435897435897434,1.0,1,0,1,0,1,1,0,1,0,1,0,0
168,4.754273504273504,-0.025641025641025623,0.10897435897435893,1.0,0.0,0,0,1,1,0,1,0,1,0,0,1,0
169,17.068376068376065,-0.025641025641025623,0.4017094017094016,0.7435897435897434,1.0,1,0,1,0,1,1,0,1,0,0,1,0
170,3.863247863247863,3.754273504273503,0.17735042735042733,0.7435897435897434,1.0,1,0,1,0,1,0,1,1,0,1,0,0
171,110.57905982905984,-0.025641025641025623,1.47008547008547,0.6153846153846153,1.0,1,0,1,0,1,1,0,1,0,0,0,1
172,7.499999999999998,-0.025641025641025623,0.1474358974358974,0.358974358974359,1.0,0,0,1,0,1,0,1,1,0,1,0,0
173,12.17094017094017,11.993589743589743,0.3739316239316239,0.7435897435897434,1.0,1,0,1,0,1,1,0,1,0,0,1,0
174,9.256410256410255,1.5470085470085468,0.16025641025641027,0.7435897435897434,1.0,0,0,1,0,1,0,1,0,1,0,1,0
175,7.446581196581197,4.17094017094017,0.2222222222222222,0.7435897435897434,1.0,1,0,1,0,1,1,0,1,0,1,0,0
176,4.344017094017094,3.4337606837606836,0.19017094017094016,0.7435897435897434,1.0,1,0,1,0,1,1,0,1,0,1,0,0
177,11.76068376068376,24.11965811965812,1.032051282051282,0.7435897435897434,0.0,0,0,1,0,1,1,0,1,0,0,1,0
178,7.987179487179487,-0.025641025641025623,0.2222222222222222,0.7435897435897434,1.0,1,0,1,0,1,1,0,1,0,0,1,0
179,4.959401709401709,3.074786324786325,0.19230769230769224,1.0,0.0,0,0,1,1,0,0,1,1,0,0,0,1
180,13.649572649572649,15.465811965811964,0.358974358974359,0.7435897435897434,0.0,0,0,1,0,1,1,0,1,0,0,0,1
181,4.068376068376069,10.79273504273504,0.11752136752136753,0.7435897435897434,1.0,0,0,1,1,0,1,0,1,0,1,0,0
182,9.803418803418802,-0.025641025641025623,0.13034188034188035,0.358974358974359,1.0,1,0,1,0,1,1,0,1,0,0,1,0
183,72.2948717948718,-0.025641025641025623,0.5299145299145298,0.7435897435897434,1.0,0,0,1,0,1,1,0,1,0,0,1,0
184,7.720085470085469,-0.025641025641025623,0.20512820512820515,0.7435897435897434,1.0,1,1,0,0,1,1,0,1,0,0,1,0
185,83.62179487179486,10.123931623931623,0.23076923076923078,0.7435897435897434,1.0,1,0,1,0,1,1,0,0,1,0,1,0
186,4.628205128205127,-0.025641025641025623,0.11538461538461539,0.6153846153846153,0.0,0,0,1,0,1,1,0,0,1,1,0,0
187,5.066239316239316,4.542735042735043,0.09829059829059826,0.7435897435897434,1.0,1,0,1,0,1,1,0,1,0,1,0,0
188,1.4145299145299142,11.290598290598291,0.3333333333333333,0.7435897435897434,1.0,1,0,1,0,1,1,0,0,1,1,0,0
189,19.905982905982906,-0.025641025641025623,0.3760683760683761,0.358974358974359,1.0,1,0,1,0,1,1,0,1,0,1,0,0
190,10.412393162393162,-0.025641025641025623,0.07692307692307696,0.7435897435897434,1.0,1,0,1,1,0,0,1,1,0,1,0,0
191,25.61538461538461,-0.025641025641025623,0.32478632478632474,0.7435897435897434,1.0,0,0,1,1,0,1,0,1,0,0,1,0
192,12.865384615384617,-0.025641025641025623,0.3162393162393162,0.7435897435897434,1.0,0,0,1,0,1,0,1,1,0,0,0,1
193,8.217948717948717,-0.025641025641025623,0.13675213675213677,0.7435897435897434,1.0,1,0,1,1,0,1,0,1,0,0,1,0
194,8.929487179487179,-0.025641025641025623,0.23076923076923078,0.7435897435897434,1.0,1,0,1,1,0,1,0,1,0,1,0,0
195,6.651709401709399,5.493589743589743,0.33760683760683763,0.7435897435897434,1.0,0,0,1,0,1,1,0,1,0,0,1,0
196,17.779914529914528,7.987179487179487,0.3739316239316239,0.7435897435897434,1.0,1,0,1,1,0,1,0,1,0,1,0,0
197,4.049145299145299,5.027777777777777,0.23076923076923078,0.7435897435897434,1.0,1,1,0,1,0,0,1,1,0,0,0,1
198,7.2735042735042725,5.99145299145299,0.2158119658119658,0.7435897435897434,1.0,1,1,0,0,1,1,0,1,0,0,1,0
199,23.478632478632477,-0.025641025641025623,0.15170940170940173,0.7435897435897434,1.0,0,0,1,1,0,1,0,0,1,0,0,1
200,5.529914529914529,5.316239316239315,0.16666666666666666,0.7435897435897434,1.0,1,0,1,0,1,0,1,1,0,0,1,0
201,10.493589743589743,-0.025641025641025623,0.3290598290598291,0.7435897435897434,0.0,1,0,1,1,0,1,0,1,0,0,1,0
202,8.504273504273504,-0.025641025641025623,0.2872054747054747,0.358974358974359,1.0,0,0,1,0,1,0,1,1,0,0,0,1
203,7.452991452991453,2.2884615384615383,0.26282051282051283,0.7435897435897434,1.0,1,0,1,0,1,0,1,1,0,0,0,1
204,8.344017094017094,-0.025641025641025623,0.2393162393162393,0.7435897435897434,1.0,1,0,1,0,1,0,1,1,0,0,1,0
205,9.393162393162392,-0.025641025641025623,0.23076923076923078,0.7435897435897434,1.0,1,1,0,1,0,0,1,1,0,0,1,0
206,6.905982905982905,-0.025641025641025623,0.1452991452991453,0.7435897435897434,1.0,1,1,0,1,0,1,0,1,0,0,0,1
207,8.467948717948717,5.382478632478631,0.09188034188034189,0.7435897435897434,1.0,1,0,1,1,0,0,1,1,0,1,0,0
208,5.27136752136752,-0.025641025641025623,0.10042735042735043,0.7435897435897434,1.0,1,0,1,1,0,1,0,1,0,0,0,1
209,7.277777777777777,-0.025641025641025623,0.24572649572649571,0.7435897435897434,1.0,0,0,1,1,0,1,0,1,0,0,1,0
210,21.34188034188034,-0.025641025641025623,0.43162393162393153,0.7435897435897434,1.0,0,1,0,1,0,1,0,1,0,0,1,0
211,7.303418803418802,2.645299145299145,0.24786324786324784,0.7435897435897434,0.0,0,0,1,0,1,1,0,1,0,0,1,0
212,16.613247863247864,-0.025641025641025623,0.48717948717948717,0.7435897435897434,1.0,1,0,1,0,1,1,0,0,1,0,0,1
213,12.16025641025641,-0.025641025641025623,0.2521367521367522,0.7435897435897434,1.0,1,0,1,0,1,0,1,0,1,1,0,0
214,6.754273504273504,6.429487179487179,0.26709401709401703,0.7435897435897434,1.0,1,0,1,0,1,1,0,1,0,0,0,1
215,8.200854700854702,2.0747863247863245,0.18803418803418806,0.7435897435897434,1.0,1,0,1,0,1,0,1,1,0,0,1,0
216,0.2948717948717948,3.8205128205128203,0.26282051282051283,0.7435897435897434,1.0,0,0,1,0,1,1,0,1,0,1,0,0
217,7.938034188034187,3.7670940170940166,0.2542735042735043,0.7435897435897434,1.0,1,0,1,0,1,1,0,1,0,0,1,0
218,10.658119658119656,-0.025641025641025623,0.12820512820512822,0.7435897435897434,0.0,0,0,1,0,1,1,0,1,0,0,1,0
219,9.126068376068377,5.066239316239316,0.24572649572649571,0.7435897435897434,1.0,1,1,0,0,1,1,0,1,0,0,1,0
220,4.720085470085469,-0.025641025641025623,0.1025641025641026,0.7435897435897434,0.0,0,0,1,0,1,1,0,1,0,0,0,1
221,8.540598290598288,3.6431623931623927,0.2222222222222222,0.7435897435897434,1.0,1,0,1,0,1,1,0,1,0,0,1,0
222,6.3226495726495715,5.938034188034186,0.28205128205128205,0.7435897435897434,1.0,1,0,1,1,0,1,0,1,0,0,1,0
223,16.166666666666668,2.1324786324786325,0.3482905982905983,0.7435897435897434,1.0,1,0,1,0,1,1,0,1,0,0,1,0
224,13.329059829059828,-0.025641025641025623,0.24786324786324784,0.7435897435897434,1.0,1,0,1,0,1,1,0,1,0,0,1,0
225,6.918803418803418,-0.025641025641025623,0.33760683760683763,0.7435897435897434,1.0,0,0,1,0,1,1,0,1,0,1,0,0
226,10.09188034188034,-0.025641025641025623,0.2692307692307692,0.7435897435897434,1.0,0,0,1,0,1,0,1,0,1,0,0,1
227,13.329059829059828,3.5961538461538463,0.423076923076923,0.7435897435897434,1.0,1,0,1,0,1,1,0,1,0,0,1,0
228,10.141025641025639,-0.025641025641025623,0.3119658119658119,1.0,1.0,1,0,1,0,1,1,0,1,0,0,1,0
229,13.649572649572649,-0.025641025641025623,0.4017094017094016,0.7435897435897434,1.0,1,0,1,1,0,1,0,0,1,1,0,0
230,5.297008547008546,4.363247863247863,0.19658119658119658,0.7435897435897434,1.0,1,0,1,0,1,1,0,1,0,0,1,0
231,7.914529914529915,-0.025641025641025623,0.06410256410256411,0.358974358974359,1.0,1,0,1,0,1,1,0,1,0,1,0,0
232,6.788461538461537,5.525641025641025,0.23076923076923078,0.7435897435897434,1.0,1,0,1,1,0,0,1,1,0,1,0,0
233,17.779914529914528,-0.025641025641025623,0.5726495726495726,0.7435897435897434,1.0,1,1,0,1,0,1,0,1,0,0,1,0
234,6.715811965811965,3.775641025641025,0.27350427350427353,0.7435897435897434,1.0,1,0,1,0,1,1,0,1,0,0,1,0
235,11.726495726495726,2.6666666666666665,0.33760683760683763,0.7435897435897434,1.0,1,0,1,0,1,1,0,1,0,1,0,0
236,12.252136752136755,-0.025641025641025623,0.5192307692307692,0.7435897435897434,1.0,0,0,1,0,1,1,0,1,0,0,0,1
237,7.3739316239316235,-0.025641025641025623,0.23504273504273498,0.7435897435897434,1.0,1,1,0,1,0,1,0,0,1,0,0,1
238,8.11965811965812,-0.025641025641025623,0.2136752136752137,0.7435897435897434,1.0,1,1,0,1,0,1,0,1,0,1,0,0
239,7.0576923076923075,-0.025641025641025623,0.17948717948717952,0.7435897435897434,1.0,1,0,1,0,1,1,0,1,0,0,1,0
240,12.408119658119656,10.658119658119656,0.23076923076923078,0.7435897435897434,1.0,1,0,1,0,1,1,0,1,0,1,0,0
241,5.337606837606836,4.211538461538461,0.27350427350427353,0.358974358974359,1.0,0,0,1,0,1,0,1,1,0,0,0,1
242,6.30982905982906,12.155982905982906,0.3055555555555555,0.1025641025641026,1.0,1,0,1,1,0,1,0,1,0,0,0,1
243,13.329059829059828,2.7521367521367517,0.20512820512820515,0.7435897435897434,1.0,1,0,1,0,1,1,0,0,1,1,0,0
244,7.252136752136751,9.412393162393162,0.2371794871794872,0.7435897435897434,1.0,1,0,1,0,1,0,1,1,0,0,1,0
245,12.9017094017094,9.232905982905981,0.23076923076923078,0.358974358974359,1.0,0,0,1,1,0,1,0,0,1,0,0,1
246,20.707264957264957,-0.025641025641025623,0.2136752136752137,0.7435897435897434,1.0,1,0,1,0,1,1,0,1,0,0,0,1
247,14.094017094017095,-0.025641025641025623,0.26709401709401703,0.358974358974359,1.0,1,0,1,0,1,0,1,1,0,0,0,1
248,6.132478632478631,3.9123931623931623,0.2371794871794872,1.0,1.0,1,0,1,0,1,1,0,1,0,0,1,0
249,3.8397435897435894,3.9658119658119655,0.16666666666666666,0.7435897435897434,1.0,1,0,1,0,1,1,0,1,0,0,0,1
250,3.5384615384615374,8.286324786324785,0.40384615384615385,0.7435897435897434,0.0,0,0,1,0,1,0,1,1,0,0,1,0
251,7.297008547008546,-0.025641025641025623,0.2692307692307692,0.7435897435897434,1.0,0,1,0,1,0,1,0,1,0,0,0,1
252,5.493589743589743,4.604700854700854,0.19658119658119658,0.7435897435897434,1.0,1,0,1,1,0,0,1,0,1,1,0,0
253,5.660256410256409,15.147435897435898,0.5705128205128204,0.358974358974359,1.0,1,0,1,0,1,0,1,1,0,0,1,0
254,34.696581196581185,-0.025641025641025623,0.38461538461538464,0.7435897435897434,0.0,0,0,1,1,0,1,0,0,1,0,0,1
255,6.561965811965812,-0.025641025641025623,0.5192307692307692,0.7435897435897434,1.0,1,1,0,1,0,1,0,1,0,1,0,0
256,12.891025641025639,-0.025641025641025623,0.22008547008547008,0.7435897435897434,0.0,0,0,1,1,0,0,1,1,0,1,0,0
257,11.192307692307692,-0.025641025641025623,0.1752136752136752,0.7435897435897434,1.0,0,0,1,0,1,1,0,1,0,0,0,1
258,31.348290598290596,4.461538461538461,0.6239316239316239,0.7435897435897434,1.0,0,0,1,0,1,1,0,1,0,1,0,0
259,10.51068376068376,-0.025641025641025623,0.24786324786324784,0.7435897435897434,1.0,0,0,1,0,1,0,1,1,0,0,1,0
260,12.972222222222221,9.055555555555554,0.6794871794871794,0.7435897435897434,1.0,1,0,1,0,1,1,0,1,0,0,0,1
261,4.3760683760683765,4.694444444444444,0.2606837606837607,0.7435897435897434,1.0,1,0,1,1,0,1,0,1,0,0,1,0
262,7.412393162393163,-0.025641025641025623,0.3055555555555555,0.05128205128205133,1.0,0,1,0,1,0,1,0,1,0,0,1,0
263,15.358974358974361,-0.025641025641025623,0.23076923076923078,0.7435897435897434,1.0,1,1,0,1,0,1,0,1,0,1,0,0
264,11.012820512820511,-0.025641025641025623,0.24786324786324784,0.7435897435897434,1.0,1,0,1,1,0,1,0,0,1,0,1,0
265,8.724358974358973,7.3397435897435885,0.29700854700854695,0.7435897435897434,1.0,1,0,1,1,0,1,0,1,0,1,0,0
266,10.034188034188034,2.938034188034188,0.2948717948717948,0.7435897435897434,1.0,1,0,1,0,1,1,0,1,0,0,1,0
267,9.232905982905981,3.8440170940170937,0.3162393162393162,0.7435897435897434,0.0,1,0,1,0,1,1,0,1,0,0,0,1
268,7.277777777777777,-0.025641025641025623,0.26282051282051283,0.7435897435897434,1.0,0,1,0,1,0,1,0,1,0,1,0,0
269,6.119658119658118,3.3076923076923075,0.16666666666666666,0.7435897435897434,1.0,1,1,0,1,0,1,0,1,0,0,0,1
270,6.891025641025641,-0.025641025641025623,0.03846153846153849,0.7435897435897434,1.0,1,1,0,1,0,1,0,1,0,0,0,1
271,23.790598290598293,-0.025641025641025623,0.26495726495726496,0.7435897435897434,1.0,1,0,1,0,1,1,0,1,0,0,0,1
272,6.027777777777778,3.942307692307692,0.24358974358974358,0.7435897435897434,1.0,1,0,1,1,0,1,0,1,0,1,0,0
273,5.5726495726495715,4.7243589743589745,0.2948717948717948,0.7435897435897434,1.0,1,0,1,0,1,1,0,1,0,0,1,0
274,8.307692307692307,-0.025641025641025623,0.16666666666666666,0.7435897435897434,1.0,1,0,1,0,1,1,0,1,0,0,1,0
275,5.850427350427349,3.9102564102564097,0.22008547008547008,0.7435897435897434,1.0,1,0,1,0,1,1,0,1,0,0,1,0
276,8.506410256410254,6.970085470085468,0.4166666666666667,0.7435897435897434,1.0,1,0,1,0,1,1,0,1,0,0,1,0
277,6.604700854700855,2.7521367521367517,0.1452991452991453,0.7435897435897434,1.0,1,0,1,0,1,1,0,1,0,0,0,1
278,31.13461538461538,-0.025641025641025623,0.9059829059829058,0.7435897435897434,1.0,1,0,1,0,1,1,0,1,0,0,1,0
279,8.735042735042732,-0.025641025641025623,0.2393162393162393,0.7435897435897434,1.0,1,1,0,0,1,0,1,1,0,1,0,0
280,8.634615384615383,5.1581196581196584,0.3119658119658119,0.7435897435897434,0.0,0,0,1,1,0,0,1,0,1,0,0,1
281,8.365384615384615,1.6837606837606836,0.2136752136752137,0.7435897435897434,1.0,1,0,1,0,1,1,0,1,0,0,1,0
282,4.8910256410256405,2.080769204700855,0.14102564102564105,0.358974358974359,1.0,1,0,1,0,1,1,0,1,0,0,0,1
283,3.8440170940170937,3.5341880341880345,0.08974358974358974,0.7435897435897434,1.0,1,1,0,1,0,1,0,1,0,0,0,1
284,44.13461538461537,-0.025641025641025623,0.2872054747054747,0.7435897435897434,1.0,0,0,1,0,1,1,0,1,0,1,0,0
285,6.722222222222221,6.497863247863247,0.16452991452991453,0.7435897435897434,1.0,1,0,1,1,0,1,0,1,0,1,0,0
286,5.529914529914529,3.6431623931623927,0.18589743589743588,0.6153846153846153,1.0,0,1,0,1,0,1,0,0,1,0,1,0
287,7.8888888888888875,4.247863247863246,0.23076923076923078,0.7435897435897434,1.0,1,0,1,0,1,1,0,1,0,1,0,0
288,8.786324786324785,-0.025641025641025623,0.22008547008547008,0.7435897435897434,1.0,1,1,0,1,0,1,0,1,0,0,1,0
289,20.29059829059829,-0.025641025641025623,0.3739316239316239,0.7435897435897434,1.0,1,0,1,1,0,1,0,1,0,1,0,0
290,6.544871794871794,5.136752136752135,0.27136752136752135,0.7435897435897434,1.0,1,0,1,0,1,1,0,1,0,1,0,0
291,9.376068376068375,-0.025641025641025623,0.24572649572649571,0.7435897435897434,0.0,0,0,1,0,1,1,0,1,0,0,1,0
292,6.711538461538461,3.3076923076923075,0.2606837606837607,0.7435897435897434,1.0,1,0,1,0,1,1,0,1,0,0,0,1
293,11.5491452991453,-0.025641025641025623,0.2799145299145299,1.0,0.0,0,1,0,1,0,1,0,1,0,0,0,1
294,5.066239316239316,7.098290598290596,0.3418803418803419,0.7435897435897434,1.0,1,0,1,0,1,1,0,1,0,0,1,0
295,9.410256410256409,2.645299145299145,0.2094017094017094,0.7435897435897434,1.0,1,0,1,0,1,1,0,1,0,0,0,1
296,14.664529914529913,-0.025641025641025623,0.4017094017094016,0.7435897435897434,1.0,1,0,1,0,1,1,0,1,0,0,1,0
297,9.944444444444443,-0.025641025641025623,0.26282051282051283,0.7435897435897434,1.0,1,1,0,0,1,1,0,1,0,0,0,1
298,10.658119658119656,5.403846153846152,0.29700854700854695,1.0,1.0,0,1,0,1,0,1,0,1,0,1,0,0
299,4.277777777777777,6.224358974358974,0.2158119658119658,0.7435897435897434,1.0,0,0,1,0,1,1,0,1,0,0,0,1
300,3.8205128205128203,6.243589743589742,0.17307692307692307,0.7435897435897434,0.0,0,0,1,0,1,0,1,1,0,0,0,1
301,6.117521367521366,3.7136752136752134,0.1987179487179487,0.7435897435897434,1.0,1,0,1,0,1,0,1,1,0,0,1,0
302,10.658119658119656,-0.025641025641025623,0.2564102564102564,0.7435897435897434,1.0,1,1,0,1,0,1,0,1,0,1,0,0
303,3.4465811965811963,3.8269230769230758,0.17948717948717952,0.7435897435897434,1.0,1,0,1,0,1,1,0,1,0,0,0,1
304,8.521367521367518,5.316239316239315,0.27350427350427353,0.7435897435897434,1.0,1,0,1,1,0,1,0,1,0,1,0,0
305,4.247863247863246,-0.025641025641025623,0.2872054747054747,0.7435897435897434,1.0,0,0,1,1,0,0,1,1,0,0,0,1
306,8.012820512820511,3.5341880341880345,0.26282051282051283,0.7435897435897434,1.0,1,1,0,1,0,1,0,1,0,1,0,0
307,5.102564102564102,3.955128205128205,0.19658119658119658,0.7435897435897434,0.0,0,1,0,1,0,1,0,1,0,0,0,1
308,43.207264957264954,-0.025641025641025623,1.0,0.7435897435897434,1.0,0,0,1,1,0,1,0,1,0,1,0,0
309,16.356837606837605,-0.025641025641025623,0.3696581196581196,0.7435897435897434,1.0,1,0,1,0,1,0,1,1,0,1,0,0
310,6.2072649572649565,-0.025641025641025623,0.15384615384615383,0.7435897435897434,1.0,1,1,0,1,0,1,0,1,0,0,1,0
311,6.228632478632478,5.113247863247863,0.21153846153846156,0.7435897435897434,1.0,1,0,1,1,0,0,1,1,0,0,1,0
312,5.331196581196581,-0.025641025641025623,0.09401709401709403,0.7435897435897434,1.0,1,1,0,1,0,1,0,1,0,1,0,0
313,12.252136752136755,-0.025641025641025623,0.28205128205128205,0.15384615384615383,1.0,1,0,1,0,1,1,0,0,1,1,0,0
314,5.258547008547008,3.9123931623931623,0.31410256410256404,0.7435897435897434,1.0,0,0,1,0,1,1,0,1,0,1,0,0
315,7.237179487179486,3.4786324786324787,0.21153846153846156,0.358974358974359,1.0,1,0,1,0,1,0,1,1,0,0,0,1
316,7.916666666666666,-0.025641025641025623,0.23076923076923078,0.7435897435897434,1.0,1,0,1,0,1,1,0,1,0,0,1,0
317,4.3717948717948705,4.534188034188033,0.16239316239316245,0.7435897435897434,1.0,1,0,1,0,1,1,0,1,0,0,0,1
318,7.5405982905982905,-0.025641025641025623,0.2136752136752137,0.7435897435897434,1.0,1,1,0,1,0,1,0,1,0,0,1,0
319,21.34188034188034,-0.025641025641025623,0.3055555555555555,0.7435897435897434,1.0,0,0,1,0,1,1,0,0,1,1,0,0
320,5.102564102564102,4.604700854700854,0.22008547008547008,0.7435897435897434,1.0,1,0,1,0,1,1,0,1,0,0,1,0
321,9.25213675213675,0.37820512820512825,0.2393162393162393,0.7435897435897434,1.0,1,0,1,0,1,1,0,1,0,0,1,0
322,7.668803418803417,3.3717948717948714,0.2872054747054747,0.7435897435897434,1.0,1,0,1,0,1,0,1,1,0,1,0,0
323,6.739316239316239,6.3525641025641,0.2564102564102564,0.7435897435897434,1.0,1,1,0,1,0,1,0,1,0,1,0,0
324,32.02564102564102,-0.025641025641025623,0.6153846153846153,0.7435897435897434,1.0,1,0,1,0,1,1,0,1,0,1,0,0
325,18.491452991452988,10.621794871794872,0.7777777777777777,0.7435897435897434,0.0,0,0,1,0,1,1,0,0,1,1,0,0
326,10.480769230769232,-0.025641025641025623,0.2521367521367522,0.7435897435897434,0.0,1,0,1,1,0,1,0,1,0,1,0,0
327,12.405982905982908,4.589743589743589,0.3675213675213675,0.7435897435897434,1.0,1,0,1,0,1,1,0,0,1,0,1,0
328,9.232905982905981,5.21153846153846,0.2094017094017094,0.7435897435897434,1.0,0,1,0,0,1,1,0,1,0,0,0,1
329,5.316239316239315,-0.025641025641025623,0.11752136752136753,0.7435897435897434,1.0,1,1,0,1,0,1,0,1,0,0,0,1
330,9.34188034188034,3.8055555555555554,0.22435897435897437,0.7435897435897434,1.0,1,0,1,1,0,1,0,1,0,0,0,1
331,6.245726495726495,-0.025641025641025623,0.18376068376068377,0.7435897435897434,1.0,1,0,1,1,0,1,0,1,0,0,1,0
332,6.027777777777778,-0.025641025641025623,0.12606837606837606,0.7435897435897434,1.0,1,0,1,1,0,1,0,1,0,0,0,1
333,135.30982905982904,-0.025641025641025623,1.0213675213675213,0.358974358974359,1.0,1,0,1,0,1,1,0,1,0,0,0,1
334,20.985042735042736,3.891025641025641,0.36324786324786323,0.358974358974359,1.0,1,0,1,0,1,1,0,0,1,0,0,1
335,11.732905982905985,9.568376068376068,0.12393162393162394,0.7435897435897434,1.0,1,0,1,0,1,1,0,0,1,0,1,0
336,11.192307692307692,1.4444444444444442,0.3162393162393162,0.7435897435897434,1.0,1,0,1,0,1,1,0,1,0,1,0,0
337,5.316239316239315,9.803418803418802,0.35042735042735046,0.7435897435897434,1.0,1,0,1,0,1,1,0,0,1,1,0,0
338,3.8846153846153837,-0.025641025641025623,0.2872054747054747,0.7435897435897434,0.0,0,1,0,1,0,0,1,1,0,0,0,1
339,8.863247863247862,-0.025641025641025623,0.12606837606837606,0.7435897435897434,1.0,1,1,0,1,0,1,0,1,0,0,1,0
340,5.630341880341881,3.365384615384615,0.344017094017094,0.7435897435897434,1.0,0,0,1,0,1,0,1,1,0,1,0,0
341,5.055555555555555,-0.025641025641025623,0.07264957264957267,0.7435897435897434,1.0,0,1,0,1,0,1,0,1,0,1,0,0
342,9.705128205128204,2.60042735042735,0.3119658119658119,0.7435897435897434,1.0,1,0,1,0,1,0,1,1,0,0,0,1
343,6.754273504273504,-0.025641025641025623,0.13247863247863248,0.7435897435897434,1.0,1,0,1,0,1,0,1,1,0,0,1,0
344,5.493589743589743,4.952991452991451,0.24145299145299143,0.7435897435897434,1.0,1,0,1,0,1,1,0,1,0,1,0,0
345,5.314102564102563,5.226495726495726,0.3162393162393162,0.7435897435897434,1.0,1,0,1,0,1,1,0,1,0,0,1,0
346,7.502136752136753,6.876068376068375,0.2991452991452992,0.7435897435897434,0.0,0,0,1,0,1,0,1,1,0,1,0,0
347,6.561965811965812,4.6068376068376065,0.24358974358974358,0.7435897435897434,1.0,1,0,1,0,1,0,1,1,0,0,0,1
348,13.506410256410257,9.767094017094015,0.5277777777777777,0.7435897435897434,1.0,1,0,1,0,1,1,0,1,0,0,1,0
349,5.583333333333332,13.329059829059828,0.3739316239316239,0.7435897435897434,1.0,1,0,1,0,1,1,0,1,0,1,0,0
350,19.38247863247863,-0.025641025641025623,0.46153846153846145,0.7435897435897434,1.0,1,0,1,0,1,1,0,1,0,0,1,0
351,18.670940170940174,8.878205128205126,0.6324786324786323,0.7435897435897434,1.0,0,0,1,1,0,1,0,1,0,1,0,0
352,5.67094017094017,4.425213675213675,0.17735042735042733,0.7435897435897434,1.0,1,0,1,0,1,1,0,1,0,1,0,0
353,11.726495726495726,-0.025641025641025623,0.1987179487179487,0.7435897435897434,0.0,0,1,0,0,1,1,0,0,1,1,0,0
354,5.151709401709401,1.0534188034188032,0.2521367521367522,0.7435897435897434,1.0,1,1,0,0,1,1,0,1,0,0,1,0
355,8.12179487179487,-0.025641025641025623,0.2222222222222222,0.358974358974359,1.0,1,1,0,1,0,1,0,1,0,0,0,1
356,17.779914529914528,6.741452991452991,0.326923076923077,0.7435897435897434,1.0,1,0,1,0,1,1,0,1,0,1,0,0
357,8.254273504273504,-0.025641025641025623,0.11752136752136753,0.7435897435897434,1.0,0,0,1,0,1,1,0,1,0,0,0,1
358,6.384615384615385,3.5341880341880345,0.18803418803418806,1.0,0.0,0,0,1,0,1,0,1,1,0,0,0,1
359,11.014957264957262,6.741452991452991,0.4017094017094016,0.7435897435897434,1.0,1,0,1,0,1,1,0,1,0,0,1,0
360,10.066239316239315,-0.025641025641025623,0.1474358974358974,0.7435897435897434,1.0,0,1,0,1,0,1,0,1,0,0,1,0
361,10.658119658119656,7.809829059829058,0.4786324786324786,0.7435897435897434,1.0,1,0,1,0,1,1,0,1,0,0,1,0
362,10.123931623931623,4.959401709401709,0.2521367521367522,0.7435897435897434,1.0,1,0,1,0,1,1,0,1,0,0,0,1
363,6.412393162393162,6.455128205128204,0.17735042735042733,0.6153846153846153,1.0,1,0,1,0,1,1,0,1,0,0,0,1
364,14.551282051282053,-0.025641025641025623,0.2756410256410256,0.7435897435897434,1.0,1,0,1,1,0,1,0,0,1,1,0,0
365,13.256410256410255,-0.025641025641025623,0.2585470085470085,0.7435897435897434,1.0,0,0,1,1,0,0,1,1,0,1,0,0
366,5.316239316239315,-0.025641025641025623,0.17948717948717952,1.0,1.0,0,0,1,1,0,1,0,1,0,0,1,0
367,10.923076923076922,-0.025641025641025623,0.2393162393162393,0.7435897435897434,0.0,0,0,1,1,0,1,0,1,0,1,0,0
368,13.489316239316238,-0.025641025641025623,0.3482905982905983,0.7435897435897434,1.0,1,0,1,0,1,1,0,1,0,0,1,0
369,42.13247863247862,11.226495726495726,1.192307692307692,0.7435897435897434,1.0,0,0,1,0,1,1,0,1,0,1,0,0
370,33.64743589743589,-0.025641025641025623,0.09188034188034189,0.7435897435897434,1.0,1,1,0,1,0,1,0,0,1,0,1,0
371,11.053418803418802,-0.025641025641025623,0.3055555555555555,0.7435897435897434,1.0,1,0,1,0,1,1,0,1,0,0,1,0
372,19.895299145299145,16.79700854700855,0.7863247863247862,0.6153846153846153,1.0,1,0,1,0,1,1,0,0,1,1,0,0
373,6.517094017094017,4.220085470085468,0.21153846153846156,0.358974358974359,0.0,0,0,1,1,0,1,0,1,0,0,0,1
374,5.88034188034188,3.091880341880342,0.2094017094017094,0.7435897435897434,1.0,1,1,0,1,0,1,0,1,0,0,0,1
375,10.267094017094017,1.9465811965811963,0.23076923076923078,0.358974358974359,1.0,1,0,1,0,1,1,0,1,0,0,0,1
376,18.670940170940174,10.649572649572649,0.2521367521367522,0.7435897435897434,1.0,1,0,1,0,1,1,0,1,0,1,0,0
377,9.183760683760683,-0.025641025641025623,0.2521367521367522,0.7435897435897434,1.0,1,0,1,0,1,1,0,1,0,0,1,0
378,6.532051282051281,-0.025641025641025623,0.12606837606837606,1.0,1.0,0,0,1,1,0,1,0,1,0,0,0,1
379,11.493589743589743,-0.025641025641025623,0.2521367521367522,0.7435897435897434,1.0,1,0,1,0,1,1,0,1,0,0,0,1
380,7.096153846153846,5.316239316239315,0.24786324786324784,0.7435897435897434,1.0,1,0,1,0,1,1,0,1,0,0,1,0
381,12.668803418803419,9.017094017094017,0.6068376068376068,0.7435897435897434,1.0,1,0,1,1,0,1,0,1,0,0,1,0
382,12.794871794871796,-0.025641025641025623,0.30769230769230765,0.7435897435897434,1.0,1,1,0,1,0,1,0,1,0,0,0,1
383,15.28846153846154,-0.025641025641025623,0.24786324786324784,0.7435897435897434,1.0,1,0,1,1,0,1,0,0,1,0,0,1
384,9.73076923076923,-0.025641025641025623,0.18803418803418806,0.7435897435897434,1.0,0,0,1,0,1,1,0,1,0,0,0,1
385,7.809829059829058,-0.025641025641025623,0.2158119658119658,0.358974358974359,1.0,1,0,1,1,0,1,0,1,0,0,0,1
386,4.987179487179486,3.393162393162392,0.2564102564102564,0.7435897435897434,1.0,1,0,1,1,0,0,1,1,0,0,1,0
387,6.405982905982905,6.675213675213675,0.2872054747054747,0.7435897435897434,0.0,0,0,1,0,1,0,1,1,0,0,0,1
388,4.959401709401709,5.138888888888888,0.26495726495726496,0.7435897435897434,1.0,1,0,1,0,1,1,0,1,0,0,0,1
389,11.700854700854702,-0.025641025641025623,0.24145299145299143,0.7435897435897434,1.0,1,0,1,0,1,1,0,1,0,1,0,0
390,19.561965811965813,-0.025641025641025623,0.3696581196581196,0.7435897435897434,1.0,1,0,1,1,0,1,0,1,0,1,0,0
391,20.28205128205128,-0.025641025641025623,0.5619658119658121,0.7435897435897434,1.0,1,0,1,0,1,1,0,1,0,1,0,0
392,5.493589743589743,4.493589743589744,0.23076923076923078,0.7435897435897434,1.0,1,0,1,0,1,1,0,1,0,0,0,1
393,4.232905982905982,3.4465811965811963,0.2158119658119658,0.358974358974359,1.0,1,0,1,0,1,0,1,1,0,0,1,0
394,6.598290598290596,2.9658119658119655,0.2158119658119658,0.7435897435897434,1.0,1,0,1,0,1,1,0,1,0,0,0,1
395,6.974358974358974,1.0085470085470085,0.26282051282051283,0.7435897435897434,1.0,1,0,1,0,1,1,0,1,0,0,1,0
396,6.769230769230768,-0.025641025641025623,0.12606837606837606,0.7435897435897434,0.0,0,1,0,1,0,1,0,1,0,0,0,1
397,6.455128205128204,3.091880341880342,0.17735042735042733,0.7435897435897434,1.0,1,0,1,0,1,1,0,1,0,0,0,1
398,8.31196581196581,3.5341880341880345,0.20726495726495728,0.7435897435897434,1.0,1,0,1,1,0,0,1,1,0,1,0,0
399,3.1794871794871797,3.8205128205128203,0.19444444444444445,0.7435897435897434,0.0,0,1,0,1,0,1,0,1,0,0,1,0
400,6.147435897435895,-0.025641025641025623,0.07051282051282057,0.358974358974359,0.0,0,0,1,0,1,0,1,1,0,0,0,1
401,5.861111111111111,-0.025641025641025623,0.11324786324786328,0.6153846153846153,1.0,0,0,1,1,0,0,1,1,0,1,0,0
402,5.316239316239315,42.7094017094017,0.19444444444444445,0.7435897435897434,1.0,1,0,1,1,0,1,0,1,0,0,1,0
403,4.168803418803419,-0.025641025641025623,0.08760683760683757,0.7435897435897434,1.0,1,1,0,1,0,0,1,1,0,0,1,0
404,15.873931623931622,-0.025641025641025623,0.38888888888888884,0.7435897435897434,1.0,0,1,0,1,0,1,0,0,1,1,0,0
405,9.690170940170939,-0.025641025641025623,0.22008547008547008,0.7435897435897434,1.0,1,1,0,1,0,1,0,1,0,0,1,0
406,4.604700854700854,5.102564102564102,0.22008547008547008,0.7435897435897434,1.0,1,0,1,0,1,0,1,1,0,0,0,1
407,4.702991452991453,-0.025641025641025623,0.11538461538461539,0.7435897435897434,1.0,1,1,0,1,0,0,1,1,0,1,0,0
408,17.709401709401707,-0.025641025641025623,0.2991452991452992,0.6153846153846153,0.0,0,0,1,0,1,1,0,1,0,0,1,0
409,173.05128205128202,-0.025641025641025623,0.7435897435897434,0.7435897435897434,0.0,0,0,1,0,1,1,0,1,0,1,0,0
410,8.237179487179485,-0.025641025641025623,0.10683760683760682,0.7435897435897434,1.0,0,1,0,1,0,0,1,0,1,0,1,0
411,13.34188034188034,-0.025641025641025623,0.3162393162393162,0.7435897435897434,1.0,1,0,1,0,1,1,0,1,0,0,0,1
412,12.999999999999998,-0.025641025641025623,0.44017094017094016,0.7435897435897434,0.0,0,0,1,0,1,0,1,1,0,1,0,0
413,4.788461538461537,4.318376068376068,0.2094017094017094,0.7435897435897434,1.0,1,0,1,0,1,0,1,1,0,1,0,0
414,4.566239316239315,6.891025641025641,0.35470085470085466,0.7435897435897434,0.0,0,1,0,0,1,0,1,1,0,0,1,0
415,6.3739316239316235,-0.025641025641025623,0.1025641025641026,0.7435897435897434,1.0,1,1,0,1,0,1,0,1,0,0,0,1
416,5.529914529914529,-0.025641025641025623,0.3162393162393162,0.7435897435897434,1.0,0,1,0,1,0,1,0,1,0,0,0,1
417,3.393162393162392,42.7094017094017,0.48504273504273504,0.7435897435897434,1.0,0,0,1,0,1,1,0,0,1,0,0,1
418,2.1645299145299144,5.899572649572648,0.2136752136752137,0.7435897435897434,1.0,1,0,1,0,1,1,0,1,0,1,0,0
419,6.910256410256409,3.0021367521367526,0.2692307692307692,0.7435897435897434,1.0,1,0,1,0,1,1,0,1,0,0,1,0
420,12.429487179487179,-0.025641025641025623,0.2692307692307692,0.7435897435897434,1.0,1,0,1,0,1,1,0,1,0,1,0,0
421,5.786324786324786,-0.025641025641025623,0.1452991452991453,0.7435897435897434,0.0,0,1,0,1,0,0,1,1,0,0,0,1
422,3.863247863247863,3.6474358974358965,0.18803418803418806,0.7435897435897434,1.0,1,0,1,0,1,1,0,1,0,0,0,1
423,15.465811965811964,3.5363247863247853,0.2094017094017094,0.7435897435897434,0.0,0,0,1,0,1,1,0,1,0,0,0,1
424,31.769230769230763,-0.025641025641025623,0.17948717948717952,0.7435897435897434,1.0,1,0,1,0,1,1,0,1,0,0,1,0
425,5.67094017094017,9.16239316239316,0.2329059829059829,0.7435897435897434,1.0,1,0,1,0,1,1,0,1,0,1,0,0
426,9.816239316239315,-0.025641025641025623,0.1474358974358974,0.7435897435897434,1.0,0,1,0,1,0,0,1,1,0,1,0,0
427,12.655982905982906,-0.025641025641025623,0.2585470085470085,0.7435897435897434,1.0,1,0,1,0,1,1,0,1,0,0,1,0
428,6.213675213675213,0.008803420598290614,0.16025641025641027,0.7435897435897434,1.0,1,0,1,0,1,1,0,1,0,1,0,0
429,5.779914529914529,-0.025641025641025623,0.1025641025641026,0.358974358974359,1.0,1,0,1,1,0,0,1,1,0,0,0,1
430,18.4017094017094,-0.025641025641025623,0.2948717948717948,0.7435897435897434,1.0,1,1,0,1,0,1,0,0,1,0,1,0
431,13.863247863247862,-0.025641025641025623,0.1987179487179487,0.7435897435897434,0.0,0,0,1,1,0,1,0,1,0,1,0,0
432,27.487179487179482,-0.025641025641025623,0.8397435897435896,0.7435897435897434,1.0,1,0,1,1,0,1,0,1,0,0,1,0
433,5.155982905982905,4.974358974358974,0.2799145299145299,0.7435897435897434,1.0,1,0,1,0,1,1,0,1,0,0,1,0
434,7.987179487179487,-0.025641025641025623,0.18803418803418806,0.7435897435897434,1.0,1,0,1,1,0,1,0,1,0,0,0,1
435,21.442307692307693,-0.025641025641025623,0.2872054747054747,0.48717948717948717,1.0,1,1,0,0,1,1,0,1,0,0,1,0
436,4.089743589743589,3.929487179487179,0.08119658119658124,0.7435897435897434,1.0,1,0,1,1,0,1,0,1,0,0,1,0
437,4.702991452991453,2.3782051282051277,0.2872054747054747,0.7435897435897434,1.0,1,0,1,0,1,1,0,1,0,0,0,1
438,22.230769230769226,-0.025641025641025623,0.3739316239316239,0.7435897435897434,0.0,0,0,1,1,0,1,0,0,1,0,0,1
439,15.235042735042734,-0.025641025641025623,0.2692307692307692,0.7435897435897434,1.0,1,1,0,0,1,0,1,0,1,1,0,0
440,7.794871794871794,10.794871794871794,0.3739316239316239,0.7435897435897434,1.0,1,0,1,1,0,1,0,1,0,0,1,0
441,16.856837606837605,3.891025641025641,0.358974358974359,0.7435897435897434,1.0,1,0,1,0,1,1,0,1,0,1,0,0
442,10.032051282051281,4.232905982905982,0.29059829059829057,0.7435897435897434,1.0,1,0,1,1,0,0,1,1,0,0,1,0
443,80.5705128205128,-0.025641025641025623,0.2991452991452992,0.7435897435897434,1.0,1,0,1,1,0,1,0,1,0,0,1,0
444,15.643162393162388,17.779914529914528,0.3482905982905983,0.6153846153846153,1.0,1,0,1,0,1,1,0,1,0,1,0,0
445,7.380341880341879,2.5598290598290596,0.2521367521367522,0.7435897435897434,1.0,1,0,1,0,1,1,0,0,1,1,0,0
446,9.914529914529915,-0.025641025641025623,0.2094017094017094,0.7435897435897434,1.0,1,0,1,0,1,0,1,1,0,1,0,0
447,7.536324786324787,2.914529914529914,0.09188034188034189,0.7435897435897434,1.0,0,0,1,0,1,1,0,1,0,1,0,0
448,7.111111111111111,3.6282051282051277,0.2948717948717948,0.7435897435897434,0.0,0,0,1,0,1,1,0,1,0,1,0,0
449,5.89102564102564,3.269230769230769,0.38034188034188027,0.7435897435897434,1.0,0,0,1,1,0,0,1,0,1,0,1,0
450,4.908119658119658,2.655982905982906,0.24145299145299143,0.7435897435897434,0.0,0,0,1,0,1,0,1,1,0,1,0,0
451,4.158119658119658,3.085470085470086,0.1025641025641026,0.6153846153846153,1.0,1,0,1,0,1,0,1,1,0,0,0,1
452,8.410256410256409,3.6773504273504263,0.29273504273504275,0.7435897435897434,0.0,0,0,1,0,1,1,0,1,0,1,0,0
453,5.279914529914529,5.243589743589743,0.16666666666666666,0.358974358974359,0.0,1,0,1,0,1,1,0,1,0,1,0,0
454,15.113247863247862,-0.025641025641025623,0.15384615384615383,0.7435897435897434,1.0,1,0,1,1,0,1,0,0,1,0,1,0
455,8.22008547008547,-0.025641025641025623,0.17948717948717952,0.7435897435897434,1.0,1,0,1,0,1,1,0,1,0,0,1,0
456,9.164529914529913,-0.025641025641025623,0.2264957264957265,0.7435897435897434,1.0,1,0,1,0,1,1,0,1,0,0,0,1
457,7.897435897435897,5.463675213675213,0.344017094017094,0.7435897435897434,1.0,0,0,1,0,1,1,0,1,0,0,0,1
458,9.277777777777777,-0.025641025641025623,0.26495726495726496,0.7435897435897434,1.0,1,0,1,1,0,1,0,1,0,1,0,0
459,17.78205128205128,-0.025641025641025623,0.3162393162393162,0.7435897435897434,1.0,0,0,1,0,1,1,0,1,0,0,1,0
460,4.425213675213675,8.698717948717949,0.3162393162393162,0.7435897435897434,1.0,1,0,1,0,1,1,0,0,1,0,1,0
461,16.512820512820515,-0.025641025641025623,0.24786324786324784,0.358974358974359,1.0,1,0,1,0,1,1,0,1,0,0,0,1
462,6.416666666666666,4.649572649572649,0.3012820512820513,0.7435897435897434,1.0,1,0,1,0,1,1,0,1,0,1,0,0
463,11.066239316239315,-0.025641025641025623,0.2564102564102564,0.7435897435897434,1.0,1,1,0,1,0,0,1,1,0,0,1,0
464,8.876068376068375,-0.025641025641025623,0.18376068376068377,0.7435897435897434,0.0,0,0,1,1,0,1,0,1,0,0,1,0
465,12.794871794871796,-0.025641025641025623,0.27350427350427353,0.7435897435897434,1.0,1,0,1,1,0,1,0,1,0,1,0,0
466,6.27136752136752,3.5299145299145294,0.12393162393162394,0.358974358974359,0.0,0,0,1,0,1,0,1,1,0,0,0,1
467,35.641025641025635,-0.025641025641025623,0.2094017094017094,0.7435897435897434,1.0,1,0,1,0,1,1,0,1,0,0,1,0
468,0.423076923076923,6.2072649572649565,0.18376068376068377,0.7435897435897434,1.0,1,1,0,0,1,0,1,1,0,0,1,0
469,9.232905982905981,5.21153846153846,0.2094017094017094,0.7435897435897434,1.0,0,0,1,0,1,1,0,1,0,0,0,1
470,7.346153846153845,4.416666666666666,0.3205128205128205,0.7435897435897434,1.0,1,0,1,0,1,1,0,0,1,0,1,0
471,5.643162393162392,3.1794871794871797,0.2158119658119658,0.358974358974359,0.0,0,0,1,0,1,0,1,1,0,1,0,0
472,9.997863247863247,-0.025641025641025623,0.18803418803418806,0.7435897435897434,1.0,1,0,1,0,1,1,0,1,0,0,1,0
473,5.316239316239315,-0.025641025641025623,0.17307692307692307,0.7435897435897434,1.0,1,1,0,1,0,1,0,0,1,0,0,1
474,11.794871794871794,9.905982905982903,0.3205128205128205,0.7435897435897434,1.0,1,0,1,1,0,1,0,1,0,1,0,0
475,35.28418803418803,2.141025641025641,0.2948717948717948,0.7435897435897434,1.0,1,0,1,0,1,1,0,0,1,1,0,0
476,14.290598290598291,3.7136752136752134,0.4658119658119657,0.6153846153846153,1.0,1,0,1,0,1,1,0,1,0,0,1,0
477,6.113247863247862,3.974358974358974,0.2564102564102564,0.7435897435897434,0.0,0,0,1,0,1,1,0,1,0,0,1,0
478,35.58760683760683,4.782051282051281,0.15811965811965809,0.7435897435897434,1.0,1,0,1,0,1,1,0,0,1,0,1,0
479,6.27136752136752,3.3995726495726495,0.2872054747054747,0.7435897435897434,1.0,0,0,1,0,1,1,0,1,0,0,0,1
480,9.269230769230766,-0.025641025641025623,0.3034188034188034,0.7435897435897434,1.0,1,1,0,1,0,0,1,1,0,1,0,0
481,6.587606837606837,-0.025641025641025623,0.2158119658119658,0.7435897435897434,1.0,1,0,1,0,1,0,1,1,0,1,0,0
482,4.425213675213675,6.7051282051282035,0.24786324786324784,0.7435897435897434,1.0,1,0,1,0,1,1,0,1,0,0,1,0
483,23.121794871794872,-0.025641025641025623,0.4743589743589744,0.7435897435897434,1.0,1,0,1,0,1,1,0,1,0,0,1,0
484,17.779914529914528,-0.025641025641025623,0.5000000000000001,0.7435897435897434,1.0,1,0,1,0,1,1,0,1,0,0,1,0
485,4.158119658119658,5.179487179487179,0.2542735042735043,0.7435897435897434,1.0,1,0,1,0,1,0,1,1,0,1,0,0
486,7.5534188034188015,-0.025641025641025623,0.1452991452991453,0.7435897435897434,0.0,0,0,1,1,0,1,0,1,0,1,0,0
487,39.14743589743589,-0.025641025641025623,1.0427350427350426,0.7435897435897434,1.0,0,0,1,0,1,1,0,1,0,0,0,1
488,9.767094017094015,4.425213675213675,0.3162393162393162,0.7435897435897434,1.0,1,0,1,0,1,1,0,0,1,0,1,0
489,5.177350427350427,-0.025641025641025623,0.1346153846153846,0.7435897435897434,1.0,0,0,1,1,0,1,0,1,0,0,0,1
490,5.74145299145299,5.925213675213674,0.17948717948717952,0.7435897435897434,1.0,1,0,1,1,0,0,1,1,0,0,1,0
491,11.369658119658121,2.391025641025641,0.37179487179487175,0.7435897435897434,1.0,1,0,1,0,1,0,1,1,0,0,0,1
492,7.861111111111112,-0.025641025641025623,0.2094017094017094,0.7435897435897434,1.0,1,0,1,1,0,0,1,1,0,1,0,0
493,36.8611111111111,-0.025641025641025623,0.4551282051282051,0.7435897435897434,1.0,1,1,0,1,0,0,1,0,1,0,1,0
494,7.66025641025641,4.583333333333334,0.22863247863247863,0.7435897435897434,0.0,0,0,1,0,1,1,0,1,0,1,0,0
495,7.08119658119658,1.9252136752136746,0.1987179487179487,0.15384615384615383,1.0,1,1,0,0,1,1,0,1,0,0,1,0
496,5.529914529914529,3.606837606837606,0.20299145299145294,0.7435897435897434,1.0,1,0,1,0,1,0,1,1,0,1,0,0
497,9.856837606837606,6.079059829059828,0.21153846153846156,0.0,1.0,1,0,1,0,1,1,0,1,0,0,0,1
498,6.160256410256409,-0.025641025641025623,0.17735042735042733,0.7435897435897434,1.0,1,0,1,0,1,1,0,0,1,0,1,0
499,13.399572649572647,9.410256410256409,0.4209401709401709,0.7435897435897434,0.0,0,0,1,1,0,1,0,1,0,1,0,0
500,1.3525641025641024,7.844017094017094,0.2158119658119658,1.0,1.0,1,1,0,1,0,1,0,1,0,1,0,0
501,6.724358974358974,-0.025641025641025623,0.18803418803418806,0.7435897435897434,1.0,1,1,0,1,0,1,0,1,0,0,1,0
502,10.36965811965812,11.99145299145299,0.4188034188034188,0.7435897435897434,1.0,1,0,1,0,1,1,0,1,0,0,1,0
503,8.628205128205128,11.303418803418802,0.2692307692307692,0.7435897435897434,1.0,0,0,1,0,1,0,1,1,0,1,0,0
504,8.123931623931623,3.143162393162393,0.2393162393162393,0.6153846153846153,1.0,1,0,1,0,1,0,1,1,0,0,1,0
505,7.474358974358974,9.410256410256409,0.49358974358974345,0.7435897435897434,1.0,1,0,1,0,1,1,0,1,0,1,0,0
506,44.489316239316224,14.220085470085468,1.0,0.7435897435897434,1.0,1,0,1,0,1,1,0,1,0,0,0,1
507,7.630341880341879,-0.025641025641025623,0.17948717948717952,0.7435897435897434,1.0,0,0,1,1,0,1,0,1,0,0,0,1
508,5.27136752136752,6.412393162393162,0.3760683760683761,0.7435897435897434,1.0,1,0,1,0,1,1,0,0,1,0,0,1
509,28.311965811965813,-0.025641025641025623,0.05982905982905987,0.7435897435897434,1.0,1,1,0,1,0,1,0,1,0,0,0,1
510,7.662393162393161,2.7243589743589745,0.18803418803418806,0.7435897435897434,1.0,0,0,1,1,0,0,1,1,0,1,0,0
511,12.933760683760685,4.256410256410256,0.5085470085470084,0.7435897435897434,1.0,1,0,1,0,1,1,0,1,0,0,1,0
512,6.989316239316239,4.322649572649572,0.29059829059829057,0.7435897435897434,1.0,1,0,1,0,1,1,0,1,0,0,0,1
513,4.5256410256410255,14.21794871794872,0.12393162393162394,0.358974358974359,1.0,0,0,1,0,1,1,0,1,0,0,1,0
514,12.39957264957265,7.8076923076923075,0.6388888888888888,0.7435897435897434,1.0,0,0,1,1,0,1,0,1,0,1,0,0
515,7.380341880341879,7.299145299145299,0.2948717948717948,0.7435897435897434,1.0,1,0,1,0,1,1,0,1,0,1,0,0
516,4.314102564102563,3.461538461538461,0.2158119658119658,1.0,1.0,1,1,0,0,1,1,0,1,0,0,1,0
517,6.542735042735041,3.8205128205128203,0.2371794871794872,0.7435897435897434,0.0,0,0,1,0,1,0,1,1,0,0,1,0
518,9.98076923076923,4.066239316239316,0.3696581196581196,0.7435897435897434,1.0,0,0,1,1,0,1,0,1,0,0,1,0
519,7.2393162393162385,-0.025641025641025623,0.17735042735042733,0.7435897435897434,1.0,0,1,0,1,0,0,1,1,0,1,0,0
520,4.658119658119658,3.696581196581196,0.07051282051282057,0.7435897435897434,1.0,1,0,1,0,1,0,1,1,0,0,1,0
521,5.316239316239315,-0.025641025641025623,0.09188034188034189,0.7435897435897434,1.0,1,0,1,1,0,1,0,1,0,0,1,0
522,12.104700854700857,3.0170940170940175,0.18803418803418806,0.7435897435897434,1.0,1,0,1,0,1,1,0,0,1,1,0,0
523,16.957264957264957,15.286324786324784,1.0,0.7435897435897434,1.0,1,0,1,0,1,1,0,0,1,1,0,0
524,9.974358974358973,4.433760683760684,0.2872054747054747,0.7435897435897434,1.0,0,0,1,1,0,1,0,1,0,0,1,0
525,37.36752136752136,-0.025641025641025623,0.8290598290598289,0.7435897435897434,1.0,1,0,1,0,1,1,0,0,1,1,0,0
526,8.04059829059829,-0.025641025641025623,0.2094017094017094,0.7435897435897434,1.0,1,0,1,0,1,1,0,1,0,0,1,0
527,11.267094017094017,3.02991452991453,0.31837606837606836,0.7435897435897434,0.0,1,0,1,0,1,0,1,1,0,0,1,0
528,5.698717948717947,2.7564102564102564,0.1752136752136752,0.7435897435897434,1.0,1,0,1,1,0,0,1,1,0,0,1,0
529,14.467948717948717,-0.025641025641025623,0.2521367521367522,0.7435897435897434,1.0,1,0,1,1,0,0,1,1,0,0,1,0
530,2.1645299145299144,11.726495726495726,0.43589743589743596,0.7435897435897434,1.0,1,0,1,0,1,1,0,1,0,1,0,0
531,9.12179487179487,-0.025641025641025623,0.18803418803418806,0.7435897435897434,1.0,1,0,1,0,1,1,0,1,0,0,0,1
532,7.6410256410256405,-0.025641025641025623,0.2094017094017094,0.7435897435897434,0.0,0,0,1,1,0,1,0,1,0,1,0,0
533,24.012820512820515,-0.025641025641025623,0.39316239316239315,0.7435897435897434,1.0,0,0,1,1,0,1,0,1,0,0,1,0
534,38.78846153846153,-0.025641025641025623,0.24145299145299143,0.7435897435897434,1.0,1,1,0,1,0,0,1,0,1,0,0,1
535,5.423076923076922,4.337606837606836,0.24358974358974358,0.7435897435897434,1.0,1,0,1,1,0,0,1,1,0,1,0,0
536,13.079059829059828,8.32051282051282,0.6666666666666666,0.7435897435897434,1.0,1,0,1,0,1,1,0,1,0,0,0,1
537,7.702991452991451,-0.025641025641025623,0.20299145299145294,0.7435897435897434,1.0,1,0,1,1,0,1,0,1,0,0,1,0
538,6.2072649572649565,1.11965811965812,0.11538461538461539,0.7435897435897434,1.0,0,0,1,0,1,0,1,1,0,1,0,0
539,13.685897435897436,-0.025641025641025623,0.30982905982905984,0.358974358974359,1.0,1,0,1,0,1,1,0,1,0,1,0,0
540,9.82051282051282,6.0534188034188015,0.27350427350427353,0.358974358974359,1.0,1,1,0,0,1,1,0,1,0,0,1,0
541,4.542735042735043,-0.025641025641025623,0.18589743589743588,0.7435897435897434,0.0,0,1,0,1,0,1,0,1,0,0,1,0
542,7.777777777777778,-0.025641025641025623,0.17735042735042733,0.7435897435897434,1.0,1,1,0,1,0,1,0,1,0,0,1,0
543,4.758547008547008,5.367521367521367,0.24786324786324784,0.7435897435897434,1.0,1,0,1,0,1,0,1,1,0,0,0,1
544,6.42094017094017,1.3910256410256407,0.19230769230769224,0.7435897435897434,1.0,1,1,0,0,1,0,1,1,0,0,1,0
545,5.8888888888888875,4.1410256410256405,0.3055555555555555,0.7435897435897434,1.0,1,0,1,0,1,1,0,1,0,1,0,0
546,7.149572649572649,-0.025641025641025623,0.1452991452991453,0.05128205128205133,1.0,0,0,1,1,0,0,1,1,0,0,1,0
547,5.371794871794871,3.7841880341880336,0.2841880341880342,0.7435897435897434,1.0,1,0,1,1,0,1,0,1,0,1,0,0
548,10.658119658119656,-0.025641025641025623,0.19444444444444445,0.7435897435897434,0.0,0,1,0,1,0,1,0,1,0,0,1,0
549,5.925213675213674,4.282051282051282,0.2094017094017094,0.7435897435897434,1.0,1,0,1,0,1,1,0,1,0,1,0,0
550,14.147435897435898,-0.025641025641025623,0.2872054747054747,0.7435897435897434,0.0,0,0,1,0,1,1,0,0,1,1,0,0
551,5.299145299145298,5.049145299145299,0.2872054747054747,0.7435897435897434,1.0,1,0,1,0,1,0,1,1,0,1,0,0
552,7.096153846153846,6.918803418803418,0.3119658119658119,0.7435897435897434,1.0,1,0,1,0,1,1,0,1,0,0,0,1
553,5.217948717948718,4.959401709401709,0.3611111111111111,0.7435897435897434,0.0,0,0,1,0,1,0,1,1,0,0,0,1
554,7.651709401709401,9.089743589743588,0.2564102564102564,0.358974358974359,0.0,0,0,1,0,1,1,0,1,0,1,0,0
555,11.65811965811966,2.1794871794871793,0.029914529914529954,0.7435897435897434,1.0,1,0,1,0,1,1,0,1,0,0,1,0
556,5.673076923076923,3.4465811965811963,0.15384615384615383,0.7435897435897434,1.0,1,1,0,1,0,1,0,1,0,0,0,1
557,21.638888888888886,-0.025641025641025623,0.5299145299145298,0.7435897435897434,1.0,1,0,1,0,1,1,0,0,1,0,1,0
558,8.279914529914528,5.677350427350425,0.3205128205128205,0.7435897435897434,1.0,1,0,1,0,1,1,0,1,0,0,1,0
559,8.905982905982906,4.901709401709401,0.36324786324786323,0.7435897435897434,1.0,1,1,0,0,1,1,0,1,0,0,1,0
560,7.8269230769230775,0.49145299145299143,0.20512820512820515,0.7435897435897434,1.0,1,0,1,0,1,0,1,1,0,0,1,0
561,41.6068376068376,-0.025641025641025623,1.2564102564102562,0.7435897435897434,1.0,1,1,0,0,1,1,0,0,1,0,1,0
562,12.630341880341879,4.363247863247863,0.42521367521367526,0.7435897435897434,1.0,1,0,1,0,1,1,0,1,0,1,0,0
563,12.36752136752137,-0.025641025641025623,0.2564102564102564,0.7435897435897434,1.0,1,0,1,1,0,0,1,0,1,0,1,0
564,18.775641025641026,-0.025641025641025623,0.5256410256410255,0.7435897435897434,0.0,0,0,1,0,1,1,0,1,0,0,0,1
565,9.519230769230768,-0.025641025641025623,0.23076923076923078,0.7435897435897434,1.0,1,0,1,0,1,0,1,1,0,1,0,0
566,7.096153846153846,-0.025641025641025623,0.12393162393162394,0.7435897435897434,1.0,1,0,1,1,0,1,0,1,0,0,0,1
567,7.2393162393162385,5.316239316239315,0.2371794871794872,0.7435897435897434,0.0,0,0,1,0,1,1,0,1,0,1,0,0
568,5.055555555555555,-0.025641025641025623,-0.006410256410256375,0.7435897435897434,1.0,0,1,0,1,0,1,0,1,0,0,0,1
569,6.739316239316239,4.384615384615384,0.19658119658119658,0.7435897435897434,0.0,0,0,1,0,1,1,0,1,0,0,0,1
570,7.2756410256410255,3.7136752136752134,0.37179487179487175,0.7435897435897434,1.0,1,0,1,0,1,1,0,1,0,0,0,1
571,10.905982905982906,3.074786324786325,0.326923076923077,0.7435897435897434,0.0,0,0,1,0,1,1,0,1,0,0,0,1
572,35.58547008547008,-0.025641025641025623,0.5619658119658121,0.7435897435897434,1.0,1,0,1,0,1,1,0,1,0,0,0,1
573,13.06196581196581,3.4465811965811963,0.3739316239316239,1.0,1.0,0,0,1,0,1,0,1,1,0,0,1,0
574,13.662393162393162,-0.025641025641025623,0.2948717948717948,0.7435897435897434,1.0,0,0,1,0,1,1,0,1,0,0,1,0
575,6.724358974358974,0.9594017094017092,0.20512820512820515,0.15384615384615383,1.0,1,0,1,0,1,1,0,1,0,0,0,1
576,6.57051282051282,4.696581196581196,0.26495726495726496,0.7435897435897434,0.0,0,0,1,0,1,1,0,1,0,0,1,0
577,6.8739316239316235,5.826923076923075,0.2094017094017094,0.7435897435897434,1.0,1,0,1,1,0,1,0,1,0,0,0,1
578,3.7820512820512815,4.743589743589743,0.20299145299145294,0.7435897435897434,1.0,1,0,1,0,1,1,0,1,0,1,0,0
579,6.773504273504273,6.2072649572649565,0.31837606837606836,0.7435897435897434,1.0,1,0,1,1,0,1,0,1,0,0,0,1
580,13.948717948717947,-0.025641025641025623,0.4123931623931624,0.7435897435897434,1.0,1,0,1,0,1,1,0,1,0,0,1,0
581,3.8974358974358974,72.27564102564102,0.16666666666666666,0.7435897435897434,1.0,0,0,1,1,0,1,0,1,0,0,0,1
582,6.739316239316239,-0.025641025641025623,0.05128205128205133,0.7435897435897434,1.0,1,1,0,0,1,1,0,1,0,0,1,0
583,3.9914529914529906,-0.025641025641025623,0.10470085470085472,0.7435897435897434,1.0,0,0,1,0,1,1,0,1,0,1,0,0
584,5.929487179487178,4.070512820512819,0.2863247863247863,0.7435897435897434,0.0,0,0,1,0,1,1,0,1,0,1,0,0
585,9.126068376068377,6.384615384615385,0.3418803418803419,0.15384615384615383,1.0,0,0,1,0,1,1,0,1,0,1,0,0
586,4.882478632478632,3.2264957264957266,0.19658119658119658,0.7435897435897434,1.0,1,0,1,0,1,1,0,1,0,0,0,1
587,4.60042735042735,-0.025641025641025623,0.12393162393162394,0.7435897435897434,1.0,1,1,0,1,0,0,1,1,0,0,1,0
588,10.123931623931623,-0.025641025641025623,0.1752136752136752,0.7435897435897434,1.0,1,0,1,1,0,1,0,1,0,0,1,0
589,5.799145299145298,-0.025641025641025623,0.20085470085470086,0.7435897435897434,0.0,0,0,1,0,1,1,0,0,1,0,1,0
590,6.384615384615385,7.2735042735042725,0.09401709401709403,0.358974358974359,1.0,1,0,1,0,1,1,0,1,0,0,1,0
591,12.794871794871796,-0.025641025641025623,0.4123931623931624,0.48717948717948717,1.0,0,0,1,0,1,1,0,0,1,0,1,0
592,19.96794871794872,-0.025641025641025623,0.5982905982905983,0.7435897435897434,1.0,1,0,1,1,0,1,0,0,1,0,1,0
593,8.22008547008547,7.025641025641024,0.2777777777777778,0.358974358974359,1.0,1,0,1,0,1,1,0,1,0,1,0,0
594,34.41880341880341,-0.025641025641025623,0.5299145299145298,0.7435897435897434,1.0,1,0,1,0,1,1,0,0,1,0,0,1
595,8.164529914529913,-0.025641025641025623,0.2094017094017094,0.7435897435897434,1.0,1,0,1,1,0,0,1,1,0,1,0,0
596,13.613247863247864,2.1111111111111107,0.3739316239316239,0.7435897435897434,1.0,0,0,1,0,1,0,1,0,1,1,0,0
597,6.356837606837606,-0.025641025641025623,0.16239316239316245,0.7435897435897434,0.0,0,0,1,1,0,1,0,1,0,0,1,0
598,21.26282051282051,-0.025641025641025623,0.358974358974359,0.7435897435897434,1.0,1,0,1,0,1,1,0,0,1,1,0,0
599,12.324786324786324,-0.025641025641025623,0.38461538461538464,0.7435897435897434,1.0,1,0,1,0,1,1,0,1,0,0,0,1
600,0.8632478632478631,89.00641025641025,0.7222222222222222,0.358974358974359,1.0,0,1,0,1,0,1,0,1,0,0,0,1
601,6.158119658119657,5.9401709401709395,0.3055555555555555,0.7435897435897434,1.0,1,0,1,0,1,0,1,1,0,1,0,0
602,12.16025641025641,-0.025641025641025623,0.24786324786324784,0.7435897435897434,1.0,1,0,1,0,1,1,0,1,0,0,0,1
603,7.829059829059828,9.164529914529913,0.3418803418803419,0.7435897435897434,1.0,1,0,1,1,0,1,0,1,0,1,0,0
604,25.61538461538461,-0.025641025641025623,1.034188034188034,0.7435897435897434,1.0,1,1,0,0,1,1,0,1,0,0,1,0
605,5.102564102564102,8.094017094017094,0.2872054747054747,0.358974358974359,1.0,0,0,1,0,1,0,1,1,0,0,0,1
606,7.2393162393162385,5.316239316239315,0.344017094017094,0.7435897435897434,1.0,1,0,1,0,1,1,0,1,0,0,1,0
607,8.493589743589743,2.989316239316239,0.30982905982905984,0.7435897435897434,1.0,1,0,1,0,1,0,1,1,0,1,0,0
608,6.88034188034188,4.1410256410256405,0.20512820512820515,0.7435897435897434,1.0,1,0,1,0,1,1,0,1,0,1,0,0
609,6.170940170940169,-0.025641025641025623,0.12606837606837606,0.7435897435897434,1.0,1,1,0,1,0,1,0,1,0,1,0,0
610,8.747863247863247,-0.025641025641025623,0.05982905982905987,0.358974358974359,1.0,1,0,1,0,1,1,0,1,0,1,0,0
611,17.22222222222222,0.48717948717948717,0.5149572649572649,0.7435897435897434,1.0,1,0,1,0,1,1,0,1,0,0,0,1
612,16.177350427350426,-0.025641025641025623,0.3739316239316239,0.7435897435897434,1.0,1,0,1,0,1,1,0,1,0,0,0,1
613,9.767094017094015,-0.025641025641025623,0.2585470085470085,0.7435897435897434,0.0,0,1,0,1,0,1,0,0,1,0,1,0
