,Unnamed: 0,Dependents,ApplicantIncome,CoapplicantIncome,LoanAmount,Loan_Amount_Term,Credit_History,Loan_Status,Gender_Female,Gender_Male,Married_No,Married_Yes,Education_Graduate,Education_Not Graduate,Self_Employed_No,Self_Employed_Yes,Property_Area_Rural,Property_Area_Semiurban,Property_Area_Urban
0,0,0.0,17.0818398021309,0.0,0.4275925968776997,1.051369863013699,1.0,1,0,1,1,0,1,0,1,0,0,0,1
1,1,0.0029204718417047,13.384522450532728,4.404071537290717,0.373820395738204,1.051369863013699,1.0,0,0,1,0,1,1,0,1,0,1,0,0
2,2,0.0,8.761415525114158,0.0,0.1927511415525114,1.051369863013699,1.0,1,0,1,0,1,1,0,0,1,0,0,1
3,3,0.0,7.5435787671232895,6.886472602739728,0.3504566210045662,1.051369863013699,1.0,1,0,1,0,1,0,1,1,0,0,0,1
4,4,0.0,17.522831050228316,0.0,0.4117865296803653,1.051369863013699,1.0,1,0,1,1,0,1,0,1,0,0,0,1
5,5,0.0058409436834094,15.82019596651446,12.254299847793002,0.77976598173516,1.051369863013699,1.0,1,0,1,0,1,1,0,0,1,0,0,1
6,6,0.0,6.81346080669711,4.427435312024354,0.2774448249619483,1.051369863013699,1.0,1,0,1,0,1,0,1,1,0,0,0,1
7,7,0.0087614155251141,8.866552511415527,7.312861491628617,0.4614345509893456,1.051369863013699,0.0,0,0,1,0,1,1,0,1,0,0,1,0
8,8,0.0058409436834094,11.699410197869106,4.456640030441402,0.4906392694063928,1.051369863013699,1.0,1,0,1,0,1,1,0,1,0,0,0,1
9,9,0.0029204718417047,37.50177891933029,32.03173515981736,1.019244672754947,1.051369863013699,1.0,0,0,1,0,1,1,0,1,0,0,1,0
10,10,0.0058409436834094,9.345509893455102,2.0443302891933035,0.2044330289193303,1.051369863013699,1.0,1,0,1,0,1,1,0,1,0,0,0,1
11,11,0.0058409436834094,7.301179604261799,5.373668188736683,0.3183314307458143,1.051369863013699,1.0,1,0,1,0,1,1,0,1,0,0,0,1
12,12,0.0058409436834094,8.974609969558601,23.67334474885845,0.5840943683409439,1.051369863013699,1.0,1,0,1,0,1,1,0,1,0,0,0,1
13,13,0.0,5.411634322678844,8.294140030441403,0.332933789954338,1.051369863013699,1.0,0,0,1,1,0,1,0,1,0,1,0,0
14,14,0.0058409436834094,3.79369292237443,3.1716324200913246,0.0496480213089802,0.3504566210045662,1.0,1,0,1,0,1,1,0,1,0,0,0,1
15,15,0.0,14.45633561643836,0.0,0.3650589802130898,1.051369863013699,1.0,1,0,1,1,0,1,0,1,0,0,0,1
16,16,0.0029204718417047,10.502016742770168,0.0,0.2920471841704719,0.7009132420091325,1.0,1,0,1,1,0,0,1,1,0,0,0,1
17,17,0.0,10.250856164383563,0.0,0.2219558599695586,1.051369863013699,0.0,0,1,0,1,0,1,0,1,0,0,0,1
18,18,0.0,14.27234589041096,0.0,0.3884227549467277,1.051369863013699,1.0,0,0,1,0,1,0,1,1,0,1,0,0
19,19,0.0,7.593226788432268,10.221651445966518,0.3358542617960426,1.051369863013699,1.0,1,0,1,0,1,1,0,1,0,0,0,1
20,20,0.0,22.370814307458147,0.0,0.3037290715372908,1.051369863013699,0.0,0,0,1,0,1,0,1,1,0,0,0,1
21,21,0.0029204718417047,17.3914098173516,16.427654109589046,0.9199486301369866,1.051369863013699,1.0,1,0,1,0,1,1,0,1,0,0,0,1
22,22,0.0,7.593226788432268,5.581021689497718,0.3387747336377474,1.051369863013699,0.0,0,0,1,0,1,0,1,1,0,0,1,0
23,23,0.0058409436834094,9.82738774733638,5.598544520547946,0.3270928462709285,1.051369863013699,0.0,0,0,1,0,1,0,1,1,0,1,0,0
24,24,0.0029204718417047,10.85539383561644,8.542380136986305,0.4409912480974124,1.051369863013699,1.0,0,0,1,0,1,1,0,1,0,0,1,0
25,25,0.0,27.91971080669712,0.0,0.5578101217656014,1.051369863013699,1.0,1,0,1,0,1,1,0,0,1,0,1,0
26,26,0.0,8.174400684931507,6.5798230593607325,0.3562975646879758,1.051369863013699,1.0,1,0,1,0,1,1,0,1,0,0,1,0
27,27,0.0058409436834094,12.341914003044144,3.037290715372907,0.321251902587519,1.051369863013699,1.0,1,0,1,0,1,0,1,1,0,0,0,1
28,28,0.0,4.211320395738205,0.0,0.1022165144596651,1.051369863013699,1.0,0,0,1,1,0,0,1,1,0,0,0,1
29,29,0.0058409436834094,10.951769406392696,6.08334284627093,0.3504566210045662,1.051369863013699,1.0,1,1,0,1,0,1,0,1,0,0,1,0
30,30,0.0029204718417047,12.16668569254186,9.839069634703195,0.5870148401826487,1.051369863013699,1.0,0,0,1,0,1,1,0,1,0,0,0,1
31,31,0.0,9.249134322678843,0.0,0.2161149162861491,1.051369863013699,1.0,0,0,1,1,0,1,0,1,0,0,0,1
32,32,0.0029204718417047,13.702853881278545,0.0,0.3095700152207002,1.051369863013699,1.0,0,0,1,1,0,1,0,0,1,1,0,0
33,33,0.0,10.221651445966518,4.868426560121767,0.332933789954338,1.051369863013699,1.0,1,0,1,0,1,1,0,1,0,0,1,0
34,34,0.0087614155251141,36.50589802130899,8.761415525114158,0.93455098934551,1.051369863013699,1.0,0,0,1,1,0,1,0,1,0,1,0,0
35,35,0.0,6.644073439878236,6.036615296803654,0.4275925968776997,1.051369863013699,1.0,1,0,1,0,1,1,0,1,0,0,0,1
36,36,0.0,5.338622526636226,3.884227549467276,0.2920471841704719,1.051369863013699,0.0,0,0,1,0,1,1,0,1,0,0,0,1
37,37,0.0,10.709370243531202,4.260968417047184,0.4205479452054795,1.051369863013699,1.0,1,1,0,0,1,1,0,1,0,0,1,0
38,38,0.0,12.16668569254186,21.056601978691024,0.5373668188736683,1.051369863013699,1.0,1,0,1,1,0,1,0,1,0,0,0,1
39,39,0.0,10.945928462709288,4.871347031963471,0.321251902587519,1.051369863013699,1.0,1,0,1,1,0,0,1,1,0,0,1,0
40,40,0.0,10.513698630136988,0.0,0.2336377473363775,1.051369863013699,1.0,0,0,1,1,0,1,0,1,0,0,0,1
41,41,0.0,5.256849315068494,3.542532343987824,0.1372621765601218,1.051369863013699,1.0,1,0,1,1,0,1,0,1,0,0,0,1
42,42,0.0,7.009132420091326,0.0,0.2190353881278539,1.051369863013699,1.0,1,0,1,0,1,1,0,1,0,0,0,1
43,43,0.0,11.509579528158298,6.822222222222224,0.3913432267884323,1.051369863013699,1.0,1,0,1,0,1,1,0,1,0,0,1,0
44,44,0.0,13.711615296803656,0.0,0.280365296803653,1.051369863013699,1.0,1,0,1,0,1,0,1,0,1,0,0,1
45,45,0.0,9.958808980213092,0.0,0.2570015220700152,1.051369863013699,1.0,1,1,0,1,0,1,0,1,0,0,0,1
46,46,0.0029204718417047,16.49774543378996,0.0,0.1285007610350076,1.051369863013699,1.0,1,0,1,0,1,1,0,1,0,0,0,1
47,47,0.0,17.00006659056317,0.0,0.4205479452054795,1.051369863013699,1.0,1,0,1,0,1,1,0,1,0,0,0,1
48,48,0.0,7.724648021308979,10.046423135464233,0.3504566210045662,1.051369863013699,0.0,0,1,0,0,1,1,0,1,0,0,0,1
49,49,0.0,11.681887366818875,6.644073439878236,0.4205479452054795,1.051369863013699,1.0,1,1,0,1,0,1,0,1,0,0,1,0
50,50,0.0,5.630669710806697,4.801255707762558,0.2920471841704719,1.051369863013699,1.0,1,1,0,0,1,0,1,1,0,0,1,0
51,51,0.0,9.012576103500765,0.0,0.3504566210045662,1.051369863013699,1.0,1,1,0,1,0,1,0,1,0,0,1,0
52,52,0.0,12.35359589041096,0.0,0.3270928462709285,1.051369863013699,1.0,0,1,0,1,0,1,0,1,0,0,1,0
53,53,0.0058409436834094,13.480898021308985,0.0,0.3913432267884323,1.051369863013699,1.0,0,0,1,0,1,1,0,1,0,0,0,1
54,54,0.0029204718417047,33.58542617960427,0.0,0.8352549467275497,1.051369863013699,0.0,0,1,0,0,1,1,0,0,1,0,0,1
55,55,0.0058409436834094,7.908637747336378,3.408190639269407,0.2832857686453577,1.051369863013699,1.0,1,0,1,0,1,1,0,1,0,0,1,0
56,56,0.0,6.226445966514461,4.646470700152208,0.280365296803653,1.051369863013699,1.0,1,0,1,0,1,1,0,1,0,0,1,0
57,57,0.0,9.830308219178086,6.425038051750383,0.3942636986301371,1.051369863013699,1.0,0,0,1,0,1,1,0,1,0,1,0,0
58,58,0.0029204718417047,23.59741248097413,6.571061643835618,0.5256849315068495,1.051369863013699,1.0,1,0,1,0,1,1,0,1,0,0,0,1
59,59,0.0058409436834094,9.804023972602742,8.349628995433791,0.4205479452054795,1.051369863013699,1.0,1,0,1,0,1,0,1,1,0,0,0,1
60,60,0.0,7.301179604261799,11.086111111111114,0.3504566210045662,1.051369863013699,1.0,1,0,1,0,1,1,0,1,0,0,0,1
61,61,0.0087614155251141,8.846109208523593,0.0,0.2891267123287671,1.051369863013699,1.0,1,0,1,0,1,1,0,1,0,0,0,1
62,62,0.0,7.619511035007611,10.072707382039574,0.4818778538812786,0.5256849315068495,0.0,0,0,1,0,1,0,1,0,1,1,0,0
63,63,0.0029204718417047,14.441733257229837,0.0,0.4275925968776997,1.051369863013699,0.0,0,0,1,0,1,1,0,1,0,1,0,0
64,64,0.0,12.16668569254186,0.0,0.3387747336377474,1.051369863013699,0.0,0,1,0,1,0,1,0,1,0,0,1,0
65,65,0.0,16.72262176560122,13.419568112633184,0.7534817351598174,1.051369863013699,1.0,0,0,1,0,1,1,0,1,0,0,1,0
66,66,0.0,9.345509893455102,6.5827435312024365,0.3679794520547946,0.5256849315068495,0.0,0,0,1,1,0,0,1,1,0,0,0,1
67,67,0.0029204718417047,31.395072298325733,0.0,0.9111872146118724,1.051369863013699,1.0,1,0,1,0,1,1,0,1,0,0,0,1
68,68,0.0087614155251141,20.7353500761035,0.0,0.3650589802130898,0.1752283105022831,1.0,1,0,1,0,1,0,1,0,1,0,0,1
69,69,0.0,12.558028919330292,0.0,0.3971841704718418,1.051369863013699,0.0,0,1,0,1,0,1,0,1,0,0,1,0
70,70,0.0,9.36887366818874,8.954166666666667,0.5023211567732117,1.051369863013699,1.0,1,0,1,0,1,1,0,1,0,0,0,1
71,71,0.0058409436834094,5.475884703196348,5.475884703196348,0.2832857686453577,1.051369863013699,1.0,1,0,1,0,1,0,1,0,1,0,1,0
72,72,0.0,10.221651445966518,0.0,0.2365582191780822,0.8761415525114158,1.0,1,0,1,1,0,1,0,1,0,0,1,0
73,73,0.0087614155251141,13.88684360730594,0.0,0.2774448249619483,1.051369863013699,0.0,0,0,1,0,1,0,1,1,0,0,1,0
74,74,0.0087614155251141,15.37920471841705,5.180917047184172,0.5461282343987824,1.051369863013699,1.0,1,0,1,0,1,1,0,0,1,0,1,0
75,75,0.0,10.951769406392696,0.0,0.3300133181126332,1.401826484018265,1.0,0,0,1,1,0,1,0,1,0,0,0,1
76,76,0.0,10.951769406392696,13.872241248097415,0.5140030441400305,1.051369863013699,1.0,0,0,1,1,0,1,0,1,0,0,0,1
77,77,0.0029204718417047,2.920471841704719,8.82566590563166,0.321251902587519,1.051369863013699,1.0,0,0,1,0,1,1,0,0,1,0,0,1
78,78,0.0087614155251141,9.249134322678843,11.681887366818875,0.5256849315068495,0.8761415525114158,0.0,0,0,1,0,1,1,0,1,0,0,1,0
79,79,0.0087614155251141,9.73393264840183,6.325742009132422,0.3796613394216134,1.051369863013699,1.0,1,0,1,0,1,0,1,0,1,0,1,0
80,80,0.0,11.232134703196348,0.0,0.3241723744292238,1.051369863013699,1.0,1,1,0,1,0,1,0,1,0,0,1,0
81,81,0.0029204718417047,6.994530060882803,0.0,0.4275925968776997,1.051369863013699,1.0,1,0,1,0,1,1,0,0,1,0,1,0
82,82,0.0058409436834094,4.024410197869102,5.493407534246575,0.487718797564688,1.051369863013699,1.0,0,1,0,0,1,1,0,1,0,0,0,1
83,83,0.0,17.522831050228316,6.571061643835618,0.7739250380517506,1.051369863013699,1.0,0,0,1,0,1,1,0,1,0,0,1,0
84,84,0.0029204718417047,11.64684170471842,0.0,0.1460235920852359,0.7009132420091325,1.0,1,0,1,0,1,1,0,1,0,0,0,1
85,85,0.0,6.909836377473366,7.391714231354644,0.3971841704718418,1.051369863013699,1.0,1,0,1,1,0,1,0,1,0,0,1,0
86,86,0.0058409436834094,9.73393264840183,5.840943683409438,0.2891267123287671,1.051369863013699,1.0,1,0,1,0,1,0,1,1,0,0,1,0
87,87,0.0,7.301179604261799,6.185559360730595,0.3037290715372908,1.051369863013699,1.0,1,0,1,0,1,1,0,1,0,0,1,0
88,88,0.0,25.016761796042623,0.0,0.613299086757991,1.051369863013699,1.0,1,0,1,1,0,1,0,1,0,0,0,1
89,89,0.0,16.632087138508375,12.169606164383564,0.5110825722983259,1.051369863013699,1.0,1,0,1,0,1,1,0,1,0,0,1,0
90,90,0.0,8.638755707762558,8.469368340943683,0.3825818112633182,1.051369863013699,1.0,1,0,1,0,1,1,0,1,0,0,1,0
91,91,0.0058409436834094,18.252949010654493,16.512347792998483,0.5490487062404872,0.5256849315068495,1.0,1,0,1,0,1,1,0,1,0,0,1,0
92,92,0.0058409436834094,9.558704337899549,5.31525875190259,0.2365582191780822,1.051369863013699,1.0,1,0,1,0,1,0,1,1,0,0,0,1
93,93,0.0,12.070310121765605,0.0,0.3562975646879758,1.051369863013699,1.0,1,0,1,1,0,1,0,1,0,0,1,0
94,94,0.0,10.572108066971085,0.0,0.0730117960426179,0.3504566210045662,1.0,1,0,1,1,0,0,1,1,0,0,1,0
95,95,0.0,19.806640030441404,0.0,0.4275925968776997,1.051369863013699,1.0,0,0,1,1,0,1,0,1,0,0,0,1
96,96,0.0,7.254452054794522,6.722926179604263,0.4001046423135465,1.051369863013699,1.0,1,1,0,0,1,1,0,1,0,0,1,0
97,97,0.0,5.773772831050231,2.911710426179605,0.1460235920852359,1.051369863013699,1.0,1,0,1,0,1,1,0,1,0,0,1,0
98,98,0.0,12.230936073059365,0.0,0.3358542617960426,0.5256849315068495,1.0,1,0,1,0,1,0,1,1,0,0,1,0
99,99,0.0,5.137109969558601,10.34139079147641,0.3825818112633182,1.051369863013699,1.0,1,0,1,0,1,1,0,1,0,0,1,0
100,100,0.0058409436834094,12.522983257229834,9.5294996194825,0.3884227549467277,0.5256849315068495,1.0,1,0,1,0,1,0,1,1,0,0,0,1
101,101,0.0,14.143845129375952,11.11531582952816,0.4409912480974124,1.051369863013699,1.0,1,0,1,1,0,1,0,1,0,0,1,0
102,102,0.0,39.86444063926941,0.0,0.4275925968776997,1.051369863013699,1.0,1,0,1,0,1,1,0,1,0,0,0,1
103,103,0.0,13.586035007610352,10.464050608828009,0.4275925968776997,1.051369863013699,1.0,1,0,1,0,1,1,0,1,0,0,1,0
104,104,0.0,11.144520547945207,2.2020357686453584,0.467275494672755,1.051369863013699,1.0,1,0,1,0,1,1,0,1,0,0,0,1
105,105,0.0029204718417047,8.913280060882805,3.0080859969558604,0.2920471841704719,1.051369863013699,1.0,1,0,1,0,1,1,0,1,0,0,0,1
106,106,0.0058409436834094,33.34302701674278,3.2884512937595134,0.6571061643835617,1.051369863013699,1.0,1,0,1,0,1,1,0,1,0,0,0,1
107,107,0.0,21.415820015220707,0.0,0.3504566210045662,1.051369863013699,1.0,0,0,1,1,0,0,1,1,0,1,0,0
108,108,0.0058409436834094,11.09779299847793,10.513698630136988,0.6308219178082193,1.051369863013699,0.0,0,0,1,0,1,1,0,1,0,0,0,1
109,109,0.0087614155251141,6.048297184170473,2.2020357686453584,0.2745243531202436,1.401826484018265,1.0,1,0,1,0,1,0,1,1,0,0,1,0
110,110,0.0,15.525228310502284,0.0,0.3971841704718418,1.051369863013699,1.0,1,0,1,1,0,1,0,1,0,0,0,1
111,111,0.0,8.554062024353122,6.81346080669711,0.4059455859969559,1.051369863013699,1.0,1,1,0,0,1,1,0,1,0,0,1,0
112,112,0.0,10.431925418569255,12.01482115677321,0.4439117199391172,1.051369863013699,0.0,0,0,1,0,1,0,1,1,0,1,0,0
113,113,0.0029204718417047,21.76043569254186,0.0,0.4275925968776997,1.051369863013699,1.0,1,1,0,1,0,1,0,0,1,0,1,0
114,114,0.0,14.748382800608828,0.0,0.3446156773211568,1.051369863013699,1.0,1,0,1,1,0,1,0,1,0,0,1,0
115,115,0.0029204718417047,42.58924086757992,0.0,0.540287290715373,0.5256849315068495,1.0,1,0,1,0,1,1,0,1,0,1,0,0
116,116,0.0,9.249134322678843,6.667437214611874,0.4497526636225268,1.051369863013699,1.0,1,1,0,0,1,1,0,1,0,0,1,0
117,117,0.0029204718417047,6.465924657534248,4.082819634703197,0.2482401065449011,1.051369863013699,1.0,1,0,1,0,1,1,0,1,0,0,0,1
118,118,0.0,16.261187214611876,6.255650684931507,0.5110825722983259,1.051369863013699,1.0,0,0,1,0,1,1,0,1,0,1,0,0
119,119,0.0,30.39627092846272,0.0,0.7564022070015222,1.051369863013699,1.0,1,1,0,1,0,1,0,1,0,0,0,1
120,120,0.0,16.550313926940643,7.788898401826487,0.5256849315068495,1.051369863013699,1.0,1,0,1,0,1,1,0,1,0,1,0,0
121,121,0.0,12.16668569254186,0.0,0.1285007610350076,1.051369863013699,1.0,1,1,0,1,0,1,0,1,0,0,1,0
122,122,0.0,6.241048325722985,26.22583713850838,0.4001046423135465,1.051369863013699,0.0,1,1,0,1,0,1,0,1,0,0,1,0
123,123,0.0058409436834094,8.635835235920855,0.0,0.2365582191780822,1.051369863013699,1.0,1,0,1,0,1,1,0,1,0,0,1,0
124,124,0.0,12.558028919330292,5.881830289193304,0.5665715372907154,1.051369863013699,1.0,1,0,1,0,1,0,1,1,0,1,0,0
125,125,0.0,10.782382039573823,0.0,0.2716038812785388,1.051369863013699,1.0,1,1,0,1,0,1,0,1,0,1,0,0
126,126,0.0087614155251141,69.51599124809744,0.0,1.080574581430746,1.051369863013699,1.0,1,0,1,0,1,1,0,1,0,1,0,0
127,127,0.0,11.28762366818874,4.7895738203957405,0.4275925968776997,1.051369863013699,1.0,1,0,1,1,0,1,0,1,0,1,0,0
128,128,0.0029204718417047,30.70292047184171,11.243816590563169,0.467275494672755,0.5256849315068495,0.0,0,0,1,0,1,1,0,0,1,0,0,1
129,129,0.0,17.75646879756469,7.502692161339423,0.5315258751902588,1.051369863013699,1.0,0,0,1,0,1,1,0,1,0,1,0,0
130,130,0.0,58.89423515981736,0.0,1.898306697108067,1.401826484018265,1.0,1,0,1,1,0,1,0,0,1,0,0,1
131,131,0.0,5.881830289193304,5.633590182648404,0.2161149162861491,1.051369863013699,1.0,1,0,1,1,0,1,0,1,0,0,0,1
132,132,0.0,7.937842465753426,0.0,0.2044330289193303,1.051369863013699,1.0,1,0,1,1,0,1,0,1,0,0,1,0
133,133,0.0,10.101912100456625,0.0,0.0730117960426179,0.3504566210045662,1.0,1,0,1,0,1,1,0,0,1,0,1,0
134,134,0.0,14.2957096651446,0.0,0.2978881278538813,1.051369863013699,1.0,1,0,1,1,0,1,0,1,0,0,1,0
135,135,0.0087614155251141,11.681887366818875,22.63365677321157,0.8469368340943686,1.051369863013699,1.0,0,0,1,0,1,1,0,1,0,0,1,0
136,136,0.0,13.384522450532728,0.0,0.2453196347031964,1.051369863013699,1.0,0,1,0,0,1,1,0,1,0,1,0,0
137,137,0.0058409436834094,9.684284627092843,10.221651445966518,0.2570015220700152,1.051369863013699,1.0,1,0,1,0,1,1,0,0,1,0,0,1
138,138,0.0,43.80415715372908,0.0,0.706754185692542,1.051369863013699,0.0,0,0,1,1,0,1,0,1,0,0,1,0
139,139,0.0058409436834094,12.265981735159816,4.176274733637749,0.3767408675799087,1.051369863013699,1.0,0,0,1,0,1,0,1,1,0,1,0,0
140,140,0.0058409436834094,14.725019025875191,6.08334284627093,0.540287290715373,1.051369863013699,1.0,0,0,1,0,1,1,0,1,0,1,0,0
141,141,0.0,15.82019596651446,0.0,0.4906392694063928,1.051369863013699,1.0,1,0,1,1,0,1,0,1,0,0,0,1
142,142,0.0,20.2972792998478,0.0,0.5110825722983259,0.5256849315068495,1.0,1,0,1,1,0,1,0,0,1,0,1,0
143,143,0.0,7.8794330289193315,5.940239726027397,0.3562975646879758,1.051369863013699,1.0,1,0,1,0,1,1,0,1,0,0,1,0
144,144,0.0058409436834094,34.33598744292239,0.0,0.5461282343987824,0.5256849315068495,1.0,1,0,1,0,1,1,0,1,0,0,0,1
145,145,0.0,6.804699391171996,13.10123668188737,0.2920471841704719,1.051369863013699,1.0,1,1,0,0,1,1,0,1,0,0,1,0
146,146,0.0058409436834094,43.41573439878236,0.0,0.2044330289193303,1.051369863013699,1.0,1,1,0,0,1,1,0,1,0,0,0,1
147,147,0.0029204718417047,4.491685692541858,4.161672374429224,0.0876141552511415,1.051369863013699,1.0,1,0,1,0,1,1,0,1,0,0,0,1
148,148,0.0,29.2047184170472,4.865506088280061,0.6571061643835617,1.051369863013699,1.0,0,1,0,1,0,1,0,1,0,1,0,0
149,149,0.0,14.193493150684937,2.423991628614917,0.3650589802130898,1.051369863013699,1.0,1,0,1,0,1,1,0,1,0,0,1,0
150,150,0.0,18.331801750380524,0.0,0.3446156773211568,1.051369863013699,0.0,0,0,1,1,0,1,0,1,0,1,0,0
151,151,0.0,7.526055936073061,10.951769406392696,0.4439117199391172,1.051369863013699,1.0,1,0,1,0,1,1,0,0,1,1,0,0
152,152,0.0,26.769044901065456,0.0,0.7125951293759516,1.051369863013699,1.0,0,0,1,1,0,1,0,1,0,0,0,1
153,153,0.0058409436834094,6.661596270928464,0.0,0.3300133181126332,1.051369863013699,1.0,0,0,1,0,1,0,1,1,0,1,0,0
154,154,0.0,9.503215372907158,0.0,0.1460235920852359,1.051369863013699,1.0,1,0,1,1,0,1,0,1,0,0,0,1
155,155,0.0087614155251141,116.81595319634708,0.0,1.7522831050228316,0.5256849315068495,0.0,1,0,1,0,1,1,0,1,0,0,1,0
156,156,0.0029204718417047,17.522831050228316,0.0,0.467275494672755,1.051369863013699,1.0,1,0,1,0,1,1,0,1,0,1,0,0
157,157,0.0029204718417047,27.855460426179608,0.0,0.5461282343987824,1.051369863013699,1.0,1,0,1,0,1,1,0,1,0,0,0,1
158,158,0.0,8.703006088280063,6.08334284627093,0.3504566210045662,1.051369863013699,1.0,1,0,1,1,0,1,0,1,0,1,0,0
159,159,0.0,13.384522450532728,16.427654109589046,0.7447203196347033,1.051369863013699,1.0,1,0,1,0,1,1,0,1,0,0,1,0
160,160,0.0,5.440839041095892,3.0402111872146125,0.2862062404870625,1.051369863013699,1.0,1,0,1,0,1,0,1,1,0,0,1,0
161,161,0.0,23.168103120243536,0.0,0.8031297564687978,1.051369863013699,1.0,0,0,1,0,1,1,0,1,0,0,0,1
162,162,0.0029204718417047,9.021337519025876,3.73820395738204,0.353377092846271,1.051369863013699,0.0,0,0,1,0,1,1,0,1,0,0,1,0
163,163,0.0058409436834094,12.169606164383564,4.225922754946728,0.4614345509893456,1.051369863013699,1.0,1,0,1,0,1,1,0,1,0,1,0,0
164,164,0.0,27.227558980213097,0.0,0.2190353881278539,0.5256849315068495,1.0,1,0,1,0,1,1,0,1,0,0,0,1
165,165,0.0,10.826189117199393,9.24621385083714,0.5315258751902588,1.051369863013699,1.0,1,0,1,0,1,1,0,1,0,1,0,0
166,166,0.0,13.384522450532728,0.0,0.3270928462709285,1.051369863013699,1.0,0,1,0,0,1,1,0,1,0,1,0,0
167,167,0.0,7.123030821917809,9.73393264840183,0.3767408675799087,1.051369863013699,1.0,1,0,1,0,1,1,0,1,0,1,0,0
168,168,0.0,6.533095509893457,0.0,0.1839897260273973,1.401826484018265,0.0,0,0,1,1,0,1,0,1,0,0,1,0
169,169,0.0058409436834094,23.36377473363775,0.0,0.5840943683409439,1.051369863013699,1.0,1,0,1,0,1,1,0,1,0,0,1,0
170,170,0.0,5.31525875190259,5.166314687975648,0.2774448249619483,1.051369863013699,1.0,1,0,1,0,1,0,1,1,0,1,0,0
171,171,0.0087614155251141,151.17238394216133,0.0,2.0443302891933035,0.8761415525114158,1.0,1,0,1,0,1,1,0,1,0,0,0,1
172,172,0.0087614155251141,10.285901826484022,0.0,0.2365582191780822,0.5256849315068495,1.0,0,0,1,0,1,0,1,1,0,1,0,0
173,173,0.0,16.670053272450534,16.427654109589046,0.5461282343987824,1.051369863013699,1.0,1,0,1,0,1,1,0,1,0,0,1,0
174,174,0.0,12.686529680365298,2.1494672754946733,0.2540810502283105,1.051369863013699,1.0,0,0,1,0,1,0,1,0,1,0,1,0
175,175,0.0,10.2128900304414,5.735806697108068,0.3387747336377474,1.051369863013699,1.0,1,0,1,0,1,1,0,1,0,1,0,0
176,176,0.0058409436834094,5.97236491628615,4.72824391171994,0.2949676560121765,1.051369863013699,1.0,1,0,1,0,1,1,0,1,0,1,0,0
177,177,0.0087614155251141,16.10932267884323,33.00133181126333,1.445633561643836,1.051369863013699,0.0,0,0,1,0,1,1,0,1,0,0,1,0
178,178,0.0029204718417047,10.951769406392696,0.0,0.3387747336377474,1.051369863013699,1.0,1,0,1,0,1,1,0,1,0,0,1,0
179,179,0.0,6.81346080669711,4.237604642313547,0.2978881278538813,1.401826484018265,0.0,0,0,1,1,0,0,1,1,0,0,0,1
180,180,0.0029204718417047,18.691019786910203,21.17342085235921,0.5256849315068495,1.051369863013699,0.0,0,0,1,0,1,1,0,1,0,0,0,1
181,181,0.0,5.595624048706242,14.786348934550992,0.1956716133942161,1.051369863013699,1.0,0,0,1,1,0,1,0,1,0,1,0,0
182,182,0.0,13.434170471841709,0.0,0.2131944444444445,0.5256849315068495,1.0,1,0,1,0,1,1,0,1,0,0,1,0
183,183,0.0029204718417047,98.84628995433792,0.0,0.7593226788432268,1.051369863013699,1.0,0,0,1,0,1,1,0,1,0,0,1,0
184,184,0.0,10.586710426179607,0.0,0.3154109589041096,1.051369863013699,1.0,1,1,0,0,1,1,0,1,0,0,1,0
185,185,0.0,114.32771118721462,13.872241248097415,0.3504566210045662,1.051369863013699,1.0,1,0,1,0,1,1,0,0,1,0,1,0
186,186,0.0029204718417047,6.3607876712328775,0.0,0.1927511415525114,0.8761415525114158,0.0,0,0,1,0,1,1,0,0,1,1,0,0
187,187,0.0,6.9594843987823465,6.243968797564689,0.1693873668188737,1.051369863013699,1.0,1,0,1,0,1,1,0,1,0,1,0,0
188,188,0.0,1.968398021308981,15.466818873668194,0.4906392694063928,1.051369863013699,1.0,1,0,1,0,1,1,0,0,1,1,0,0
189,189,0.0,27.242161339421617,0.0,0.5490487062404872,0.5256849315068495,1.0,1,0,1,0,1,1,0,1,0,1,0,0
190,190,0.0,14.26650494672755,0.0,0.1401826484018265,1.051369863013699,1.0,1,0,1,1,0,0,1,1,0,1,0,0
191,191,0.0,35.04566210045663,0.0,0.4789573820395739,1.051369863013699,1.0,0,0,1,1,0,1,0,1,0,0,1,0
192,192,0.0,17.61920662100457,0.0,0.467275494672755,1.051369863013699,1.0,0,0,1,0,1,0,1,1,0,0,0,1
193,193,0.0,11.267180365296808,0.0,0.2219558599695586,1.051369863013699,1.0,1,0,1,1,0,1,0,1,0,0,1,0
194,194,0.0,12.239697488584476,0.0,0.3504566210045662,1.051369863013699,1.0,1,0,1,1,0,1,0,1,0,1,0,0
195,195,0.0029204718417047,9.126474505327248,7.5435787671232895,0.4964802130898023,1.051369863013699,1.0,0,0,1,0,1,1,0,1,0,0,1,0
196,196,0.0,24.336291856925428,10.951769406392696,0.5461282343987824,1.051369863013699,1.0,1,0,1,1,0,1,0,1,0,1,0,0
197,197,0.0,5.5693398021309,6.90691590563166,0.3504566210045662,1.051369863013699,1.0,1,1,0,1,0,0,1,1,0,0,0,1
198,198,0.0,9.97633181126332,8.224048706240488,0.3300133181126332,1.051369863013699,1.0,1,1,0,0,1,1,0,1,0,0,1,0
199,199,0.0,32.125190258751914,0.0,0.2423991628614916,1.051369863013699,1.0,0,0,1,1,0,1,0,0,1,0,0,1
200,200,0.0029204718417047,7.593226788432268,7.301179604261799,0.2628424657534247,1.051369863013699,1.0,1,0,1,0,1,0,1,1,0,0,1,0
201,201,0.0058409436834094,14.37748287671233,0.0,0.4847983257229833,1.051369863013699,0.0,1,0,1,1,0,1,0,1,0,0,1,0
202,202,0.0087614155251141,11.65852359208524,0.0,0.4275925968776997,0.5256849315068495,1.0,0,0,1,0,1,0,1,1,0,0,0,1
203,203,0.0029204718417047,10.221651445966518,3.162871004566211,0.3942636986301371,1.051369863013699,1.0,1,0,1,0,1,0,1,1,0,0,0,1
204,204,0.0058409436834094,11.439488203957383,0.0,0.3621385083713852,1.051369863013699,1.0,1,0,1,0,1,0,1,1,0,0,1,0
205,205,0.0,12.8734398782344,0.0,0.3504566210045662,1.051369863013699,1.0,1,1,0,1,0,0,1,1,0,0,1,0
206,206,0.0,9.474010654490108,0.0,0.2336377473363775,1.051369863013699,1.0,1,1,0,1,0,1,0,1,0,0,0,1
207,207,0.0,11.60887557077626,7.391714231354644,0.1606259512937595,1.051369863013699,1.0,1,0,1,1,0,0,1,1,0,1,0,0
208,208,0.0,7.239849695585997,0.0,0.1723078386605784,1.051369863013699,1.0,1,0,1,1,0,1,0,1,0,0,0,1
209,209,0.0,9.98217275494673,0.0,0.3708999238964993,1.051369863013699,1.0,0,0,1,1,0,1,0,1,0,0,1,0
210,210,0.0,29.2047184170472,0.0,0.6249809741248099,1.051369863013699,1.0,0,1,0,1,0,1,0,1,0,0,1,0
211,211,0.0087614155251141,10.017218417047188,3.6505898021309,0.373820395738204,1.051369863013699,0.0,0,0,1,0,1,1,0,1,0,0,1,0
212,212,0.0029204718417047,22.74171423135465,0.0,0.7009132420091325,1.051369863013699,1.0,1,0,1,0,1,1,0,0,1,0,0,1
213,213,0.0087614155251141,16.655450913242017,0.0,0.3796613394216134,1.051369863013699,1.0,1,0,1,0,1,0,1,0,1,1,0,0
214,214,0.0,9.266657153729074,8.822745433789954,0.4001046423135465,1.051369863013699,1.0,1,0,1,0,1,1,0,1,0,0,0,1
215,215,0.0087614155251141,11.243816590563169,2.8708238203957386,0.2920471841704719,1.051369863013699,1.0,1,0,1,0,1,0,1,1,0,0,1,0
216,216,0.0,0.4380707762557079,5.256849315068494,0.3942636986301371,1.051369863013699,1.0,0,0,1,0,1,1,0,1,0,1,0,0
217,217,0.0,10.88459855403349,5.183837519025875,0.3825818112633182,1.051369863013699,1.0,1,0,1,0,1,1,0,1,0,0,1,0
218,218,0.0058409436834094,14.602359208523598,0.0,0.2102739726027397,1.051369863013699,0.0,0,0,1,0,1,1,0,1,0,0,1,0
219,219,0.0058409436834094,12.508380898021311,6.9594843987823465,0.3708999238964993,1.051369863013699,1.0,1,1,0,0,1,1,0,1,0,0,1,0
220,220,0.0,6.48636796042618,0.0,0.1752283105022831,1.051369863013699,0.0,0,0,1,0,1,1,0,1,0,0,0,1
221,221,0.0058409436834094,11.70817161339422,5.014450152207002,0.3387747336377474,1.051369863013699,1.0,1,0,1,0,1,1,0,1,0,0,1,0
222,222,0.0,8.676721841704719,8.15103691019787,0.4205479452054795,1.051369863013699,1.0,1,0,1,1,0,1,0,1,0,0,1,0
223,223,0.0,22.13133561643836,2.949676560121766,0.5110825722983259,1.051369863013699,1.0,1,0,1,0,1,1,0,1,0,0,1,0
224,224,0.0,18.252949010654493,0.0,0.373820395738204,1.051369863013699,1.0,1,0,1,0,1,1,0,1,0,0,1,0
225,225,0.0,9.491533485540335,0.0,0.4964802130898023,1.051369863013699,1.0,0,0,1,0,1,1,0,1,0,1,0,0
226,226,0.0,13.828434170471844,0.0,0.4030251141552512,1.051369863013699,1.0,0,0,1,0,1,0,1,0,1,0,0,1
227,227,0.0058409436834094,18.252949010654493,4.950199771689499,0.613299086757991,1.051369863013699,1.0,1,0,1,0,1,1,0,1,0,0,1,0
228,228,0.0,13.895605022831052,0.0,0.4614345509893456,1.401826484018265,1.0,1,0,1,0,1,1,0,1,0,0,1,0
229,229,0.0,18.691019786910203,0.0,0.5840943683409439,1.051369863013699,1.0,1,0,1,1,0,1,0,0,1,1,0,0
230,230,0.0029204718417047,7.274895357686456,5.9986491628614935,0.3037290715372908,1.051369863013699,1.0,1,0,1,0,1,1,0,1,0,0,1,0
231,231,0.0,10.852473363774736,0.0,0.1226598173515982,0.5256849315068495,1.0,1,0,1,0,1,1,0,1,0,1,0,0
232,232,0.0,9.313384703196348,7.58738584474886,0.3504566210045662,1.051369863013699,1.0,1,0,1,1,0,0,1,1,0,1,0,0
233,233,0.0,24.336291856925428,0.0,0.8177321156773213,1.051369863013699,1.0,1,1,0,1,0,1,0,1,0,0,1,0
234,234,0.0029204718417047,9.214088660578389,5.195519406392695,0.4088660578386606,1.051369863013699,1.0,1,0,1,0,1,1,0,1,0,0,1,0
235,235,0.0029204718417047,16.062595129375957,3.6797945205479454,0.4964802130898023,1.051369863013699,1.0,1,0,1,0,1,1,0,1,0,1,0,0
236,236,0.0,16.78103120243531,0.0,0.7447203196347033,1.051369863013699,1.0,0,0,1,0,1,1,0,1,0,0,0,1
237,237,0.0,10.11359398782344,0.0,0.3562975646879758,1.051369863013699,1.0,1,1,0,1,0,1,0,0,1,0,0,1
238,238,0.0029204718417047,11.13283866057839,0.0,0.3270928462709285,1.051369863013699,1.0,1,1,0,1,0,1,0,1,0,1,0,0
239,239,0.0029204718417047,9.681364155251144,0.0,0.280365296803653,1.051369863013699,1.0,1,0,1,0,1,1,0,1,0,0,1,0
240,240,0.0058409436834094,16.99422564687976,14.602359208523598,0.3504566210045662,1.051369863013699,1.0,1,0,1,0,1,1,0,1,0,1,0,0
241,241,0.0029204718417047,7.330384322678847,5.791295662100458,0.4088660578386606,0.5256849315068495,1.0,0,0,1,0,1,0,1,1,0,0,0,1
242,242,0.0,8.659199010654492,16.649609969558604,0.4526731354642315,0.1752283105022831,1.0,1,0,1,1,0,1,0,1,0,0,0,1
243,243,0.0058409436834094,18.252949010654493,3.796613394216134,0.3154109589041096,1.051369863013699,1.0,1,0,1,0,1,1,0,0,1,1,0,0
244,244,0.0,9.947127092846271,12.899724124809744,0.3592180365296804,1.051369863013699,1.0,1,0,1,0,1,0,1,1,0,0,1,0
245,245,0.0,17.668854642313548,12.654404490106543,0.3504566210045662,0.5256849315068495,1.0,0,0,1,1,0,1,0,0,1,0,0,1
246,246,0.0058409436834094,28.33733828006089,0.0,0.3270928462709285,1.051369863013699,1.0,1,0,1,0,1,1,0,1,0,0,0,1
247,247,0.0029204718417047,19.29847792998478,0.0,0.4001046423135465,0.5256849315068495,1.0,1,0,1,0,1,0,1,1,0,0,0,1
248,248,0.0029204718417047,8.416799847793001,5.382429604261797,0.3592180365296804,1.401826484018265,1.0,1,0,1,0,1,1,0,1,0,0,1,0
249,249,0.0,5.283133561643837,5.455441400304414,0.2628424657534247,1.051369863013699,1.0,1,0,1,0,1,1,0,1,0,0,0,1
250,250,0.0,4.871347031963471,11.360635464231356,0.5870148401826487,1.051369863013699,0.0,0,0,1,0,1,0,1,1,0,0,1,0
251,251,0.0058409436834094,10.008457001522077,0.0,0.4030251141552512,1.051369863013699,1.0,0,1,0,1,0,1,0,1,0,0,0,1
252,252,0.0,7.5435787671232895,6.328662480974126,0.3037290715372908,1.051369863013699,1.0,1,0,1,1,0,0,1,0,1,1,0,0
253,253,0.0029204718417047,7.771375570776257,20.73827054794521,0.8148116438356167,0.5256849315068495,1.0,1,0,1,0,1,0,1,1,0,0,1,0
254,254,0.0,47.45766742770168,0.0,0.560730593607306,1.051369863013699,0.0,0,0,1,1,0,1,0,0,1,0,0,1
255,255,0.0087614155251141,9.00381468797565,0.0,0.7447203196347033,1.051369863013699,1.0,1,1,0,1,0,1,0,1,0,1,0,0
256,256,0.0,17.654252283105023,0.0,0.3358542617960426,1.051369863013699,0.0,0,0,1,1,0,0,1,1,0,1,0,0
257,257,0.0087614155251141,15.332477168949774,0.0,0.2745243531202436,1.051369863013699,1.0,0,0,1,0,1,1,0,1,0,0,0,1
258,258,0.0,42.88128805175039,6.132990867579909,0.8878234398782345,1.051369863013699,1.0,0,0,1,0,1,1,0,1,0,1,0,0
259,259,0.0087614155251141,14.40084665144597,0.0,0.373820395738204,1.051369863013699,1.0,0,0,1,0,1,0,1,1,0,0,1,0
260,260,0.0029204718417047,17.765230213089808,12.412005327245057,0.9637557077625571,1.051369863013699,1.0,1,0,1,0,1,1,0,1,0,0,0,1
261,261,0.0,6.016171993911721,6.451322298325724,0.3913432267884323,1.051369863013699,1.0,1,0,1,1,0,1,0,1,0,0,1,0
262,262,0.0029204718417047,10.166162480974126,0.0,0.4526731354642315,0.1051369863013698,1.0,0,1,0,1,0,1,0,1,0,0,1,0
263,263,0.0,21.027397260273972,0.0,0.3504566210045662,1.051369863013699,1.0,1,1,0,1,0,1,0,1,0,1,0,0
264,264,0.0,15.08715753424658,0.0,0.373820395738204,1.051369863013699,1.0,1,0,1,1,0,1,0,0,1,0,1,0
265,265,0.0,11.959332191780824,10.066866438356168,0.4409912480974124,1.051369863013699,1.0,1,0,1,1,0,1,0,1,0,1,0,0
266,266,0.0058409436834094,13.74958143074582,4.050694444444446,0.4380707762557079,1.051369863013699,1.0,1,0,1,0,1,1,0,1,0,0,1,0
267,267,0.0087614155251141,12.654404490106543,5.288974505327246,0.467275494672755,1.051369863013699,0.0,1,0,1,0,1,1,0,1,0,0,0,1
268,268,0.0,9.98217275494673,0.0,0.3942636986301371,1.051369863013699,1.0,0,1,0,1,0,1,0,1,0,1,0,0
269,269,0.0029204718417047,8.399277016742772,4.555936073059361,0.2628424657534247,1.051369863013699,1.0,1,1,0,1,0,1,0,1,0,0,0,1
270,270,0.0,9.453567351598176,0.0,0.0876141552511415,1.051369863013699,1.0,1,1,0,1,0,1,0,1,0,0,0,1
271,271,0.0,32.5515791476408,0.0,0.3971841704718418,1.051369863013699,1.0,1,0,1,0,1,1,0,1,0,0,0,1
272,272,0.0,8.273696727549469,5.423316210045663,0.3679794520547946,1.051369863013699,1.0,1,0,1,1,0,1,0,1,0,1,0,0
273,273,0.0,7.651636225266364,6.492208904109591,0.4380707762557079,1.051369863013699,1.0,1,0,1,0,1,1,0,1,0,0,1,0
274,274,0.0058409436834094,11.389840182648404,0.0,0.2628424657534247,1.051369863013699,1.0,1,0,1,0,1,1,0,1,0,0,1,0
275,275,0.0029204718417047,8.031297564687979,5.379509132420092,0.3358542617960426,1.051369863013699,1.0,1,0,1,0,1,1,0,1,0,0,1,0
276,276,0.0,11.66144406392694,9.56162480974125,0.6045376712328768,1.051369863013699,1.0,1,0,1,0,1,1,0,1,0,0,1,0
277,277,0.0,9.062224124809743,3.796613394216134,0.2336377473363775,1.051369863013699,1.0,1,0,1,0,1,1,0,1,0,0,0,1
278,278,0.0,42.58924086757992,0.0,1.2733257229832573,1.051369863013699,1.0,1,0,1,0,1,1,0,1,0,0,1,0
279,279,0.0,11.973934550989348,0.0,0.3621385083713852,1.051369863013699,1.0,1,1,0,0,1,0,1,1,0,1,0,0
280,280,0.0029204718417047,11.836672374429224,7.085064687975647,0.4614345509893456,1.051369863013699,0.0,0,0,1,1,0,0,1,0,1,0,0,1
281,281,0.0,11.468692922374432,2.3363774733637754,0.3270928462709285,1.051369863013699,1.0,1,0,1,0,1,1,0,1,0,0,1,0
282,282,0.0058409436834094,6.720005707762558,2.879001105922756,0.2277968036529681,0.5256849315068495,1.0,1,0,1,0,1,1,0,1,0,0,0,1
283,283,0.0,5.288974505327246,4.865506088280061,0.1577054794520548,1.051369863013699,1.0,1,1,0,1,0,1,0,1,0,0,0,1
284,284,0.0,60.35739155251142,0.0,0.4275925968776997,1.051369863013699,1.0,0,0,1,0,1,1,0,1,0,1,0,0
285,285,0.0,9.2228500761035,8.916200532724508,0.2599219939117199,1.051369863013699,1.0,1,0,1,1,0,1,0,1,0,1,0,0
286,286,0.0,7.593226788432268,5.014450152207002,0.2891267123287671,0.8761415525114158,1.0,0,1,0,1,0,1,0,0,1,0,1,0
287,287,0.0,10.81742770167428,5.840943683409438,0.3504566210045662,1.051369863013699,1.0,1,0,1,0,1,1,0,1,0,1,0,0
288,288,0.0,12.044025875190265,0.0,0.3358542617960426,1.051369863013699,1.0,1,1,0,1,0,1,0,1,0,0,1,0
289,289,0.0,27.767846270928462,0.0,0.5461282343987824,1.051369863013699,1.0,1,0,1,1,0,1,0,1,0,1,0,0
290,290,0.0,8.980450913242011,7.0558599695586,0.4059455859969559,1.051369863013699,1.0,1,0,1,0,1,1,0,1,0,1,0,0
291,291,0.0058409436834094,12.850076103500763,0.0,0.3708999238964993,1.051369863013699,0.0,0,0,1,0,1,1,0,1,0,0,1,0
292,292,0.0058409436834094,9.20824771689498,4.555936073059361,0.3913432267884323,1.051369863013699,1.0,1,0,1,0,1,1,0,1,0,0,0,1
293,293,0.0,15.82019596651446,0.0,0.4176274733637748,1.401826484018265,0.0,0,1,0,1,0,1,0,1,0,0,0,1
294,294,0.0,6.9594843987823465,9.736853120243534,0.5023211567732117,1.051369863013699,1.0,1,0,1,0,1,1,0,1,0,0,1,0
295,295,0.0087614155251141,12.89680365296804,3.6505898021309,0.321251902587519,1.051369863013699,1.0,1,0,1,0,1,1,0,1,0,0,0,1
296,296,0.0029204718417047,20.07824391171994,0.0,0.5840943683409439,1.051369863013699,1.0,1,0,1,0,1,1,0,1,0,0,1,0
297,297,0.0029204718417047,13.62692161339422,0.0,0.3942636986301371,1.051369863013699,1.0,1,1,0,0,1,1,0,1,0,0,0,1
298,298,0.0,14.602359208523598,7.42091894977169,0.4409912480974124,1.401826484018265,1.0,0,1,0,1,0,1,0,1,0,1,0,0
299,299,0.0029204718417047,5.881830289193304,8.542380136986305,0.3300133181126332,1.051369863013699,1.0,0,0,1,0,1,1,0,1,0,0,0,1
300,300,0.0,5.256849315068494,8.568664383561647,0.2716038812785388,1.051369863013699,0.0,0,0,1,0,1,0,1,1,0,0,0,1
301,301,0.0,8.396356544901067,5.110825722983259,0.3066495433789955,1.051369863013699,1.0,1,0,1,0,1,0,1,1,0,0,1,0
302,302,0.0,14.602359208523598,0.0,0.3855022831050229,1.051369863013699,1.0,1,1,0,1,0,1,0,1,0,1,0,0
303,303,0.0029204718417047,4.745766742770169,5.265610730593608,0.280365296803653,1.051369863013699,1.0,1,0,1,0,1,1,0,1,0,0,0,1
304,304,0.0,11.681887366818875,7.301179604261799,0.4088660578386606,1.051369863013699,1.0,1,0,1,1,0,1,0,1,0,1,0,0
305,305,0.0,5.840943683409438,0.0,0.4275925968776997,1.051369863013699,1.0,0,0,1,1,0,0,1,1,0,0,0,1
306,306,0.0,10.98681506849315,4.865506088280061,0.3942636986301371,1.051369863013699,1.0,1,1,0,1,0,1,0,1,0,1,0,0
307,307,0.0,7.009132420091326,5.440839041095892,0.3037290715372908,1.051369863013699,0.0,0,1,0,1,0,1,0,1,0,0,0,1
308,308,0.0,59.08990677321157,0.0,1.401826484018265,1.051369863013699,1.0,0,0,1,1,0,1,0,1,0,1,0,0
309,309,0.0058409436834094,22.39125761035008,0.0,0.540287290715373,1.051369863013699,1.0,1,0,1,0,1,0,1,1,0,1,0,0
310,310,0.0,8.519016362252666,0.0,0.2453196347031964,1.051369863013699,1.0,1,1,0,1,0,1,0,1,0,0,1,0
311,311,0.0,8.548221080669713,7.02373477929985,0.3241723744292238,1.051369863013699,1.0,1,0,1,1,0,0,1,1,0,0,1,0
312,312,0.0,7.32162290715373,0.0,0.1635464231354642,1.051369863013699,1.0,1,1,0,1,0,1,0,1,0,1,0,0
313,313,0.0058409436834094,16.78103120243531,0.0,0.4205479452054795,0.2453196347031964,1.0,1,0,1,0,1,1,0,0,1,1,0,0
314,314,0.0,7.22232686453577,5.382429604261797,0.4643550228310503,1.051369863013699,1.0,0,0,1,0,1,1,0,1,0,1,0,0
315,315,0.0029204718417047,9.92668378995434,4.7895738203957405,0.3241723744292238,0.5256849315068495,1.0,1,0,1,0,1,0,1,1,0,0,0,1
316,316,0.0058409436834094,10.85539383561644,0.0,0.3504566210045662,1.051369863013699,1.0,1,0,1,0,1,1,0,1,0,0,1,0
317,317,0.0,6.010331050228312,6.23228691019787,0.2570015220700152,1.051369863013699,1.0,1,0,1,0,1,1,0,1,0,0,0,1
318,318,0.0029204718417047,10.34139079147641,0.0,0.3270928462709285,1.051369863013699,1.0,1,1,0,1,0,1,0,1,0,0,1,0
319,319,0.0029204718417047,29.2047184170472,0.0,0.4526731354642315,1.051369863013699,1.0,0,0,1,0,1,1,0,0,1,1,0,0
320,320,0.0,7.009132420091326,6.328662480974126,0.3358542617960426,1.051369863013699,1.0,1,0,1,0,1,1,0,1,0,0,1,0
321,321,0.0087614155251141,12.68068873668189,0.5519691780821919,0.3621385083713852,1.051369863013699,1.0,1,0,1,0,1,1,0,1,0,0,1,0
322,322,0.0058409436834094,10.516619101978694,4.643550228310503,0.4275925968776997,1.051369863013699,1.0,1,0,1,0,1,0,1,1,0,1,0,0
323,323,0.0,9.24621385083714,8.717608447488585,0.3855022831050229,1.051369863013699,1.0,1,1,0,1,0,1,0,1,0,1,0,0
324,324,0.0087614155251141,43.807077625570784,0.0,0.8761415525114158,1.051369863013699,1.0,1,0,1,0,1,1,0,1,0,1,0,0
325,325,0.0029204718417047,25.30880898021309,14.552711187214618,1.0980974124809744,1.051369863013699,0.0,0,0,1,0,1,1,0,0,1,1,0,0
326,326,0.0,14.359960045662104,0.0,0.3796613394216134,1.051369863013699,0.0,1,0,1,1,0,1,0,1,0,1,0,0
327,327,0.0,16.991305175038057,6.308219178082194,0.5373668188736683,1.051369863013699,1.0,1,0,1,0,1,1,0,0,1,0,1,0
328,328,0.0,12.654404490106543,7.158076484018266,0.321251902587519,1.051369863013699,1.0,0,1,0,0,1,1,0,1,0,0,0,1
329,329,0.0,7.301179604261799,0.0,0.1956716133942161,1.051369863013699,1.0,1,1,0,1,0,1,0,1,0,0,0,1
330,330,0.0029204718417047,12.803348554033487,5.236406012176561,0.3416952054794521,1.051369863013699,1.0,1,0,1,1,0,1,0,1,0,0,0,1
331,331,0.0,8.57158485540335,0.0,0.2862062404870625,1.051369863013699,1.0,1,0,1,1,0,1,0,1,0,0,1,0
332,332,0.0,8.273696727549469,0.0,0.207353500761035,1.051369863013699,1.0,1,0,1,1,0,1,0,1,0,0,0,1
333,333,0.0,184.9739250380518,0.0,1.4310312024353125,0.5256849315068495,1.0,1,0,1,0,1,1,0,1,0,0,0,1
334,334,0.0029204718417047,28.7169996194825,5.35322488584475,0.5315258751902588,0.5256849315068495,1.0,1,0,1,0,1,1,0,0,1,0,0,1
335,335,0.0,16.071356544901068,13.11291856925419,0.2044330289193303,1.051369863013699,1.0,1,0,1,0,1,1,0,0,1,0,1,0
336,336,0.0029204718417047,15.332477168949774,2.0092846270928466,0.467275494672755,1.051369863013699,1.0,1,0,1,0,1,1,0,1,0,1,0,0
337,337,0.0058409436834094,7.301179604261799,13.434170471841709,0.5140030441400305,1.051369863013699,1.0,1,0,1,0,1,1,0,0,1,1,0,0
338,338,0.0087614155251141,5.344463470319635,0.0,0.4275925968776997,1.051369863013699,0.0,0,1,0,1,0,0,1,1,0,0,0,1
339,339,0.0,12.149162861491629,0.0,0.207353500761035,1.051369863013699,1.0,1,1,0,1,0,1,0,1,0,0,1,0
340,340,0.0087614155251141,7.730488964992393,4.63478881278539,0.5052416286149165,1.051369863013699,1.0,0,0,1,0,1,0,1,1,0,1,0,0
341,341,0.0,6.944882039573821,0.0,0.134341704718417,1.051369863013699,1.0,0,1,0,1,0,1,0,1,0,1,0,0
342,342,0.0029204718417047,13.29982876712329,3.5892598934550994,0.4614345509893456,1.051369863013699,1.0,1,0,1,0,1,0,1,1,0,0,0,1
343,343,0.0087614155251141,9.266657153729074,0.0,0.2161149162861491,1.051369863013699,1.0,1,0,1,0,1,0,1,1,0,0,1,0
344,344,0.0058409436834094,7.5435787671232895,6.804699391171996,0.3650589802130898,1.051369863013699,1.0,1,0,1,0,1,1,0,1,0,1,0,0
345,345,0.0,7.298259132420093,7.178519786910199,0.467275494672755,1.051369863013699,1.0,1,0,1,0,1,1,0,1,0,0,1,0
346,346,0.0,10.288822298325725,9.433124048706242,0.4439117199391172,1.051369863013699,0.0,0,0,1,0,1,0,1,1,0,1,0,0
347,347,0.0058409436834094,9.00381468797565,6.331582952815831,0.3679794520547946,1.051369863013699,1.0,1,0,1,0,1,0,1,1,0,0,0,1
348,348,0.0,18.495348173515985,13.384522450532728,0.7564022070015222,1.051369863013699,1.0,1,0,1,0,1,1,0,1,0,0,1,0
349,349,0.0,7.666238584474887,18.252949010654493,0.5461282343987824,1.051369863013699,1.0,1,0,1,0,1,1,0,1,0,1,0,0
350,350,0.0,26.526645738203964,0.0,0.665867579908676,1.051369863013699,1.0,1,0,1,0,1,1,0,1,0,0,1,0
351,351,0.0,25.55412861491629,12.169606164383564,0.8995053272450536,1.051369863013699,1.0,0,0,1,1,0,1,0,1,0,1,0,0
352,352,0.0087614155251141,7.785977929984781,6.08334284627093,0.2774448249619483,1.051369863013699,1.0,1,0,1,0,1,1,0,1,0,1,0,0
353,353,0.0,16.062595129375957,0.0,0.3066495433789955,1.051369863013699,0.0,0,1,0,0,1,1,0,0,1,1,0,0
354,354,0.0,7.0763032724505335,1.474838280060883,0.3796613394216134,1.051369863013699,1.0,1,1,0,0,1,1,0,1,0,0,1,0
355,355,0.0,11.135759132420096,0.0,0.3387747336377474,0.5256849315068495,1.0,1,1,0,1,0,1,0,1,0,0,0,1
356,356,0.0058409436834094,24.336291856925428,9.249134322678843,0.4818778538812786,1.051369863013699,1.0,1,0,1,0,1,1,0,1,0,1,0,0
357,357,0.0029204718417047,11.316828386605785,0.0,0.1956716133942161,1.051369863013699,1.0,0,0,1,0,1,1,0,1,0,0,0,1
358,358,0.0,8.761415525114158,4.865506088280061,0.2920471841704719,1.401826484018265,0.0,0,0,1,0,1,0,1,1,0,0,0,1
359,359,0.0087614155251141,15.090078006088286,9.249134322678843,0.5840943683409439,1.051369863013699,1.0,1,0,1,0,1,1,0,1,0,0,1,0
360,360,0.0029204718417047,13.793388508371384,0.0,0.2365582191780822,1.051369863013699,1.0,0,1,0,1,0,1,0,1,0,0,1,0
361,361,0.0058409436834094,14.602359208523598,10.709370243531202,0.6892313546423137,1.051369863013699,1.0,1,0,1,0,1,1,0,1,0,0,1,0
362,362,0.0,13.872241248097415,6.81346080669711,0.3796613394216134,1.051369863013699,1.0,1,0,1,0,1,1,0,1,0,0,0,1
363,363,0.0,8.799381659056317,8.857791095890413,0.2774448249619483,0.8761415525114158,1.0,1,0,1,0,1,1,0,1,0,0,0,1
364,364,0.0,19.923458904109594,0.0,0.4117865296803653,1.051369863013699,1.0,1,0,1,1,0,1,0,0,1,1,0,0
365,365,0.0,18.15365296803653,0.0,0.3884227549467277,1.051369863013699,1.0,0,0,1,1,0,0,1,1,0,1,0,0
366,366,0.0,7.301179604261799,0.0,0.280365296803653,1.401826484018265,1.0,0,0,1,1,0,1,0,1,0,0,1,0
367,367,0.0,14.96449771689498,0.0,0.3621385083713852,1.051369863013699,0.0,0,0,1,1,0,1,0,1,0,1,0,0
368,368,0.0029204718417047,18.471984398782347,0.0,0.5110825722983259,1.051369863013699,1.0,1,0,1,0,1,1,0,1,0,0,1,0
369,369,0.0,57.6209094368341,15.37920471841705,1.66466894977169,1.051369863013699,1.0,0,0,1,0,1,1,0,1,0,1,0,0
370,370,0.0,46.02371575342467,0.0,0.1606259512937595,1.051369863013699,1.0,1,1,0,1,0,1,0,0,1,0,1,0
371,371,0.0058409436834094,15.14264649923897,0.0,0.4526731354642315,1.051369863013699,1.0,1,0,1,0,1,1,0,1,0,0,1,0
372,372,0.0058409436834094,27.227558980213097,22.99287480974125,1.109779299847793,0.8761415525114158,1.0,1,0,1,0,1,1,0,0,1,1,0,0
373,373,0.0029204718417047,8.942484779299848,5.802977549467276,0.3241723744292238,0.5256849315068495,0.0,0,0,1,1,0,1,0,1,0,0,0,1
374,374,0.0,8.072184170471843,4.260968417047184,0.321251902587519,1.051369863013699,1.0,1,1,0,1,0,1,0,1,0,0,0,1
375,375,0.0,14.067912861491632,2.695595509893456,0.3504566210045662,0.5256849315068495,1.0,1,0,1,0,1,1,0,1,0,0,0,1
376,376,0.0087614155251141,25.55412861491629,14.590677321156774,0.3796613394216134,1.051369863013699,1.0,1,0,1,0,1,1,0,1,0,1,0,0
377,377,0.0,12.58723363774734,0.0,0.3796613394216134,1.051369863013699,1.0,1,0,1,0,1,1,0,1,0,0,1,0
378,378,0.0,8.962928082191784,0.0,0.207353500761035,1.401826484018265,1.0,0,0,1,1,0,1,0,1,0,0,0,1
379,379,0.0058409436834094,15.744263698630142,0.0,0.3796613394216134,1.051369863013699,1.0,1,0,1,0,1,1,0,1,0,0,0,1
380,380,0.0,9.73393264840183,7.301179604261799,0.373820395738204,1.051369863013699,1.0,1,0,1,0,1,1,0,1,0,0,1,0
381,381,0.0,17.350523211567737,12.359436834094373,0.8644596651445967,1.051369863013699,1.0,1,0,1,1,0,1,0,1,0,0,1,0
382,382,0.0,17.522831050228316,0.0,0.4555936073059362,1.051369863013699,1.0,1,1,0,1,0,1,0,1,0,0,0,1
383,383,0.0,20.93102168949772,0.0,0.373820395738204,1.051369863013699,1.0,1,0,1,1,0,1,0,0,1,0,0,1
384,384,0.0058409436834094,13.334874429223747,0.0,0.2920471841704719,1.051369863013699,1.0,0,0,1,0,1,1,0,1,0,0,0,1
385,385,0.0029204718417047,10.709370243531202,0.0,0.3300133181126332,0.5256849315068495,1.0,1,0,1,1,0,1,0,1,0,0,0,1
386,386,0.0,6.851426940639271,4.672754946727551,0.3855022831050229,1.051369863013699,1.0,1,0,1,1,0,0,1,1,0,0,1,0
387,387,0.0,8.790620243531203,9.158599695586,0.4275925968776997,1.051369863013699,0.0,0,0,1,0,1,0,1,1,0,0,0,1
388,388,0.0,6.81346080669711,7.058780441400306,0.3971841704718418,1.051369863013699,1.0,1,0,1,0,1,1,0,1,0,0,0,1
389,389,0.0,16.027549467275495,0.0,0.3650589802130898,1.051369863013699,1.0,1,0,1,0,1,1,0,1,0,1,0,0
390,390,0.0087614155251141,26.77196537290716,0.0,0.540287290715373,1.051369863013699,1.0,1,0,1,1,0,1,0,1,0,1,0,0
391,391,0.0087614155251141,27.75616438356165,0.0,0.8031297564687978,1.051369863013699,1.0,1,0,1,0,1,1,0,1,0,1,0,0
392,392,0.0,7.5435787671232895,6.176797945205481,0.3504566210045662,1.051369863013699,1.0,1,0,1,0,1,1,0,1,0,0,0,1
393,393,0.0058409436834094,5.8205003805175055,4.745766742770169,0.3300133181126332,0.5256849315068495,1.0,1,0,1,0,1,0,1,1,0,0,1,0
394,394,0.0058409436834094,9.053462709284627,4.088660578386607,0.3300133181126332,1.051369863013699,1.0,1,0,1,0,1,1,0,1,0,0,0,1
395,395,0.0058409436834094,9.567465753424658,1.413508371385084,0.3942636986301371,1.051369863013699,1.0,1,0,1,0,1,1,0,1,0,0,1,0
396,396,0.0,9.287100456621006,0.0,0.207353500761035,1.051369863013699,0.0,0,1,0,1,0,1,0,1,0,0,0,1
397,397,0.0,8.857791095890413,4.260968417047184,0.2774448249619483,1.051369863013699,1.0,1,0,1,0,1,1,0,1,0,0,0,1
398,398,0.0,11.395681126331812,4.865506088280061,0.3183314307458143,1.051369863013699,1.0,1,0,1,1,0,0,1,1,0,1,0,0
399,399,0.0,4.380707762557079,5.256849315068494,0.3008085996955861,1.051369863013699,0.0,0,1,0,1,0,1,0,1,0,0,1,0
400,400,0.0058409436834094,8.437243150684933,0.0,0.1314212328767123,0.5256849315068495,0.0,0,0,1,0,1,0,1,1,0,0,0,1
401,401,0.0,8.045899923896501,0.0,0.1898306697108067,0.8761415525114158,1.0,0,0,1,1,0,0,1,1,0,1,0,0
402,402,0.0,7.301179604261799,58.40943683409439,0.3008085996955861,1.051369863013699,1.0,1,0,1,1,0,1,0,1,0,0,1,0
403,403,0.0,5.732886225266363,0.0,0.1547850076103501,1.051369863013699,1.0,1,1,0,1,0,0,1,1,0,0,1,0
404,404,0.0,21.731230974124816,0.0,0.5665715372907154,1.051369863013699,1.0,0,1,0,1,0,1,0,0,1,1,0,0
405,405,0.0,13.27938546423136,0.0,0.3358542617960426,1.051369863013699,1.0,1,1,0,1,0,1,0,1,0,0,1,0
406,406,0.0,6.328662480974126,7.009132420091326,0.3358542617960426,1.051369863013699,1.0,1,0,1,0,1,0,1,1,0,0,0,1
407,407,0.0,6.463004185692543,0.0,0.1927511415525114,1.051369863013699,1.0,1,1,0,1,0,0,1,1,0,1,0,0
408,408,0.0029204718417047,24.239916286149167,0.0,0.4439117199391172,0.8761415525114158,0.0,0,0,1,0,1,1,0,1,0,0,1,0
409,409,0.0087614155251141,236.55821917808225,0.0,1.051369863013699,1.051369863013699,0.0,0,0,1,0,1,1,0,1,0,1,0,0
410,410,0.0029204718417047,11.293464611872148,0.0,0.1810692541856926,1.051369863013699,1.0,0,1,0,1,0,0,1,0,1,0,1,0
411,411,0.0,18.27047184170472,0.0,0.467275494672755,1.051369863013699,1.0,1,0,1,0,1,1,0,1,0,0,0,1
412,412,0.0,17.803196347031967,0.0,0.6366628614916287,1.051369863013699,0.0,0,0,1,0,1,0,1,1,0,1,0,0
413,413,0.0,6.5798230593607325,5.937319254185693,0.321251902587519,1.051369863013699,1.0,1,0,1,0,1,0,1,1,0,1,0,0
414,414,0.0,6.276093987823441,9.453567351598176,0.5198439878234399,1.051369863013699,0.0,0,1,0,0,1,0,1,1,0,0,1,0
415,415,0.0,8.746813165905632,0.0,0.1752283105022831,1.051369863013699,1.0,1,1,0,1,0,1,0,1,0,0,0,1
416,416,0.0029204718417047,7.593226788432268,0.0,0.467275494672755,1.051369863013699,1.0,0,1,0,1,0,1,0,1,0,0,0,1
417,417,0.0058409436834094,4.672754946727551,58.40943683409439,0.6979927701674279,1.051369863013699,1.0,0,0,1,0,1,1,0,0,1,0,0,1
418,418,0.0,2.993483637747337,8.098468417047185,0.3270928462709285,1.051369863013699,1.0,1,0,1,0,1,1,0,1,0,1,0,0
419,419,0.0,9.479851598173516,4.138308599695587,0.4030251141552512,1.051369863013699,1.0,1,0,1,0,1,1,0,1,0,0,1,0
420,420,0.0,17.023430365296807,0.0,0.4030251141552512,1.051369863013699,1.0,1,0,1,0,1,1,0,1,0,1,0,0
421,421,0.0,7.943683409436836,0.0,0.2336377473363775,1.051369863013699,0.0,0,1,0,1,0,0,1,1,0,0,0,1
422,422,0.0,5.31525875190259,5.020291095890412,0.2920471841704719,1.051369863013699,1.0,1,0,1,0,1,1,0,1,0,0,0,1
423,423,0.0029204718417047,21.17342085235921,4.868426560121767,0.321251902587519,1.051369863013699,0.0,0,0,1,0,1,1,0,1,0,0,0,1
424,424,0.0,43.456621004566216,0.0,0.280365296803653,1.051369863013699,1.0,1,0,1,0,1,1,0,1,0,0,1,0
425,425,0.0,7.785977929984781,12.558028919330292,0.353377092846271,1.051369863013699,1.0,1,0,1,0,1,1,0,1,0,1,0,0
426,426,0.0029204718417047,13.451693302891936,0.0,0.2365582191780822,1.051369863013699,1.0,0,1,0,1,0,0,1,1,0,1,0,0
427,427,0.0058409436834094,17.333000380517504,0.0,0.3884227549467277,1.051369863013699,1.0,1,0,1,0,1,1,0,1,0,0,1,0
428,428,0.0,8.527777777777779,0.0470780085414764,0.2540810502283105,1.051369863013699,1.0,1,0,1,0,1,1,0,1,0,1,0,0
429,429,0.0,7.934921993911721,0.0,0.1752283105022831,0.5256849315068495,1.0,1,0,1,1,0,0,1,1,0,0,0,1
430,430,0.0029204718417047,25.1861491628615,0.0,0.4380707762557079,1.051369863013699,1.0,1,1,0,1,0,1,0,0,1,0,1,0
431,431,0.0,18.983066971080675,0.0,0.3066495433789955,1.051369863013699,0.0,0,0,1,1,0,1,0,1,0,1,0,0
432,432,0.0,37.60399543378996,0.0,1.182791095890411,1.051369863013699,1.0,1,0,1,1,0,1,0,1,0,0,1,0
433,433,0.0,7.082144216133944,6.833904109589043,0.4176274733637748,1.051369863013699,1.0,1,0,1,0,1,1,0,1,0,0,1,0
434,434,0.0,10.951769406392696,0.0,0.2920471841704719,1.051369863013699,1.0,1,0,1,1,0,1,0,1,0,0,0,1
435,435,0.0,29.341980593607307,0.0,0.4275925968776997,0.7009132420091325,1.0,1,1,0,0,1,1,0,1,0,0,1,0
436,436,0.0,5.624828767123288,5.405793378995435,0.1460235920852359,1.051369863013699,1.0,1,0,1,1,0,1,0,1,0,0,1,0
437,437,0.0,6.463004185692543,3.285530821917809,0.4275925968776997,1.051369863013699,1.0,1,0,1,0,1,1,0,1,0,0,0,1
438,438,0.0,30.41963470319636,0.0,0.5461282343987824,1.051369863013699,0.0,0,0,1,1,0,1,0,0,1,0,0,1
439,439,0.0,20.858009893455105,0.0,0.4030251141552512,1.051369863013699,1.0,1,1,0,0,1,0,1,0,1,1,0,0
440,440,0.0,10.68892694063927,14.789269406392698,0.5461282343987824,1.051369863013699,1.0,1,0,1,1,0,1,0,1,0,0,1,0
441,441,0.0,23.074648021308985,5.35322488584475,0.5256849315068495,1.051369863013699,1.0,1,0,1,0,1,1,0,1,0,1,0,0
442,442,0.0087614155251141,13.746660958904112,5.8205003805175055,0.4322298325722983,1.051369863013699,1.0,1,0,1,1,0,0,1,1,0,0,1,0
443,443,0.0029204718417047,110.15727739726032,0.0,0.4439117199391172,1.051369863013699,1.0,1,0,1,1,0,1,0,1,0,0,1,0
444,444,0.0,21.415820015220707,24.336291856925428,0.5110825722983259,0.8761415525114158,1.0,1,0,1,0,1,1,0,1,0,1,0,0
445,445,0.0029204718417047,10.122355403348555,3.53377092846271,0.3796613394216134,1.051369863013699,1.0,1,0,1,0,1,1,0,0,1,1,0,0
446,446,0.0058409436834094,13.586035007610352,0.0,0.321251902587519,1.051369863013699,1.0,1,0,1,0,1,0,1,1,0,1,0,0
447,447,0.0,10.335549847793,4.018569254185693,0.1606259512937595,1.051369863013699,1.0,0,0,1,0,1,1,0,1,0,1,0,0
448,448,0.0058409436834094,9.754375951293762,4.99400684931507,0.4380707762557079,1.051369863013699,0.0,0,0,1,0,1,1,0,1,0,1,0,0
449,449,0.0029204718417047,8.086786529680367,4.5033675799086765,0.5548896499238966,1.051369863013699,1.0,0,0,1,1,0,0,1,0,1,0,1,0
450,450,0.0058409436834094,6.743369482496195,3.665192161339424,0.3650589802130898,1.051369863013699,0.0,0,0,1,0,1,0,1,1,0,1,0,0
451,451,0.0058409436834094,5.71828386605784,4.252207001522071,0.1752283105022831,0.8761415525114158,1.0,1,0,1,0,1,0,1,1,0,0,0,1
452,452,0.0,11.53002283105023,5.061177701674279,0.4351503044140031,1.051369863013699,0.0,0,0,1,0,1,1,0,1,0,1,0,0
453,453,0.0,7.2515315829528175,7.201883561643837,0.2628424657534247,0.5256849315068495,0.0,1,0,1,0,1,1,0,1,0,1,0,0
454,454,0.0,20.69154299847793,0.0,0.2453196347031964,1.051369863013699,1.0,1,0,1,1,0,1,0,0,1,0,1,0
455,455,0.0058409436834094,11.270100837138513,0.0,0.280365296803653,1.051369863013699,1.0,1,0,1,0,1,1,0,1,0,0,1,0
456,456,0.0,12.560949391171995,0.0,0.3446156773211568,1.051369863013699,1.0,1,0,1,0,1,1,0,1,0,0,0,1
457,457,0.0,10.8291095890411,7.502692161339423,0.5052416286149165,1.051369863013699,1.0,0,0,1,0,1,1,0,1,0,0,0,1
458,458,0.0058409436834094,12.715734398782349,0.0,0.3971841704718418,1.051369863013699,1.0,1,0,1,1,0,1,0,1,0,1,0,0
459,459,0.0,24.339212328767125,0.0,0.467275494672755,1.051369863013699,1.0,0,0,1,0,1,1,0,1,0,0,1,0
460,460,0.0,6.08334284627093,11.924286529680368,0.467275494672755,1.051369863013699,1.0,1,0,1,0,1,1,0,0,1,0,1,0
461,461,0.0087614155251141,22.604452054794525,0.0,0.373820395738204,0.5256849315068495,1.0,1,0,1,0,1,1,0,1,0,0,0,1
462,462,0.0,8.805222602739729,6.389992389649925,0.446832191780822,1.051369863013699,1.0,1,0,1,0,1,1,0,1,0,1,0,0
463,463,0.0029204718417047,15.160169330289197,0.0,0.3855022831050229,1.051369863013699,1.0,1,1,0,1,0,0,1,1,0,0,1,0
464,464,0.0,12.16668569254186,0.0,0.2862062404870625,1.051369863013699,0.0,0,0,1,1,0,1,0,1,0,0,1,0
465,465,0.0,17.522831050228316,0.0,0.4088660578386606,1.051369863013699,1.0,1,0,1,1,0,1,0,1,0,1,0,0
466,466,0.0087614155251141,8.606630517503808,4.8596651445966526,0.2044330289193303,0.5256849315068495,0.0,0,0,1,0,1,0,1,1,0,0,0,1
467,467,0.0,48.74851598173517,0.0,0.321251902587519,1.051369863013699,1.0,1,0,1,0,1,1,0,1,0,0,1,0
468,468,0.0058409436834094,0.613299086757991,8.519016362252666,0.2862062404870625,1.051369863013699,1.0,1,1,0,0,1,0,1,1,0,0,1,0
469,469,0.0,12.654404490106543,7.158076484018266,0.321251902587519,1.051369863013699,1.0,0,0,1,0,1,1,0,1,0,0,0,1
470,470,0.0029204718417047,10.075627853881285,6.071660958904111,0.4731164383561645,1.051369863013699,1.0,1,0,1,0,1,1,0,0,1,0,1,0
471,471,0.0029204718417047,7.748011796042619,4.380707762557079,0.3300133181126332,0.5256849315068495,0.0,0,0,1,0,1,0,1,1,0,1,0,0
472,472,0.0087614155251141,13.699933409436838,0.0,0.2920471841704719,1.051369863013699,1.0,1,0,1,0,1,1,0,1,0,0,1,0
473,473,0.0,7.301179604261799,0.0,0.2716038812785388,1.051369863013699,1.0,1,1,0,1,0,1,0,0,1,0,0,1
474,474,0.0058409436834094,16.15605022831051,13.574353120243536,0.4731164383561645,1.051369863013699,1.0,1,0,1,1,0,1,0,1,0,1,0,0
475,475,0.0058409436834094,48.26079718417048,2.961358447488585,0.4380707762557079,1.051369863013699,1.0,1,0,1,0,1,1,0,0,1,1,0,0
476,476,0.0058409436834094,19.567161339421617,5.110825722983259,0.6717085235920853,0.8761415525114158,1.0,1,0,1,0,1,1,0,1,0,0,1,0
477,477,0.0058409436834094,8.390515601217656,5.467123287671234,0.3855022831050229,1.051369863013699,0.0,0,0,1,0,1,1,0,1,0,0,1,0
478,478,0.0029204718417047,48.67550418569255,6.571061643835618,0.2511605783866058,1.051369863013699,1.0,1,0,1,0,1,1,0,0,1,0,1,0
479,479,0.0058409436834094,8.606630517503808,4.6815163622526645,0.4275925968776997,1.051369863013699,1.0,0,0,1,0,1,1,0,1,0,0,0,1
480,480,0.0,12.704052511415528,0.0,0.4497526636225268,1.051369863013699,1.0,1,1,0,1,0,0,1,1,0,1,0,0
481,481,0.0087614155251141,9.038860350076105,0.0,0.3300133181126332,1.051369863013699,1.0,1,0,1,0,1,0,1,1,0,1,0,0
482,482,0.0,6.08334284627093,9.199486301369864,0.373820395738204,1.051369863013699,1.0,1,0,1,0,1,1,0,1,0,0,1,0
483,483,0.0,31.63747146118723,0.0,0.6833904109589043,1.051369863013699,1.0,1,0,1,0,1,1,0,1,0,0,1,0
484,484,0.0058409436834094,24.336291856925428,0.0,0.7184360730593609,1.051369863013699,1.0,1,0,1,0,1,1,0,1,0,0,1,0
485,485,0.0029204718417047,5.71828386605784,7.114269406392697,0.3825818112633182,1.051369863013699,1.0,1,0,1,0,1,0,1,1,0,1,0,0
486,486,0.0058409436834094,10.35891362252664,0.0,0.2336377473363775,1.051369863013699,0.0,0,0,1,1,0,1,0,1,0,1,0,0
487,487,0.0029204718417047,53.54101027397261,0.0,1.4602359208523594,1.051369863013699,1.0,0,0,1,0,1,1,0,1,0,0,0,1
488,488,0.0058409436834094,13.384522450532728,6.08334284627093,0.467275494672755,1.051369863013699,1.0,1,0,1,0,1,1,0,0,1,0,1,0
489,489,0.0,7.111348934550989,0.0,0.2190353881278539,1.051369863013699,1.0,0,0,1,1,0,1,0,1,0,0,0,1
490,490,0.0,7.882353500761037,8.133514079147645,0.280365296803653,1.051369863013699,1.0,1,0,1,1,0,0,1,1,0,0,1,0
491,491,0.0029204718417047,15.574876331811268,3.303053652968037,0.5432077625570777,1.051369863013699,1.0,1,0,1,0,1,0,1,1,0,0,0,1
492,492,0.0,10.779461567732117,0.0,0.321251902587519,1.051369863013699,1.0,1,0,1,1,0,0,1,1,0,1,0,0
493,493,0.0,50.41610540334856,0.0,0.6571061643835617,1.051369863013699,1.0,1,1,0,1,0,0,1,0,1,0,1,0
494,494,0.0,10.504937214611877,6.299457762557078,0.3475361491628615,1.051369863013699,0.0,0,0,1,0,1,1,0,1,0,1,0,0
495,495,0.0029204718417047,9.7134893455099,2.666390791476408,0.3066495433789955,0.2453196347031964,1.0,1,1,0,0,1,1,0,1,0,0,1,0
496,496,0.0,7.593226788432268,4.964802130898023,0.3124904870624049,1.051369863013699,1.0,1,0,1,0,1,0,1,1,0,1,0,0
497,497,0.0,13.507182267884325,8.343788051750382,0.3241723744292238,0.0350456621004566,1.0,1,0,1,0,1,1,0,1,0,0,0,1
498,498,0.0029204718417047,8.45476598173516,0.0,0.2774448249619483,1.051369863013699,1.0,1,0,1,0,1,1,0,0,1,0,1,0
499,499,0.0,18.34932458143075,12.89680365296804,0.6103786149162863,1.051369863013699,0.0,0,0,1,1,0,1,0,1,0,1,0,0
500,500,0.0,1.8837043378995435,10.756097792998478,0.3300133181126332,1.401826484018265,1.0,1,1,0,1,0,1,0,1,0,1,0,0
501,501,0.0,9.225770547945206,0.0,0.2920471841704719,1.051369863013699,1.0,1,1,0,1,0,1,0,1,0,0,1,0
502,502,0.0058409436834094,14.20809550989346,16.42473363774734,0.6074581430745816,1.051369863013699,1.0,1,0,1,0,1,1,0,1,0,0,1,0
503,503,0.0029204718417047,11.827910958904113,15.48434170471842,0.4030251141552512,1.051369863013699,1.0,0,0,1,0,1,0,1,1,0,1,0,0
504,504,0.0,11.1386796042618,4.331059741248098,0.3621385083713852,0.8761415525114158,1.0,1,0,1,0,1,0,1,1,0,0,1,0
505,505,0.0058409436834094,10.250856164383563,12.89680365296804,0.7096746575342469,1.051369863013699,1.0,1,0,1,0,1,1,0,1,0,1,0,0
506,506,0.0,60.842189878234414,19.47078576864536,1.401826484018265,1.051369863013699,1.0,1,0,1,0,1,1,0,1,0,0,0,1
507,507,0.0,10.464050608828009,0.0,0.280365296803653,1.051369863013699,1.0,0,0,1,1,0,1,0,1,0,0,0,1
508,508,0.0,7.239849695585997,8.799381659056317,0.5490487062404872,1.051369863013699,1.0,1,0,1,0,1,1,0,0,1,0,0,1
509,509,0.0029204718417047,38.73129756468799,0.0,0.1168188736681887,1.051369863013699,1.0,1,1,0,1,0,1,0,1,0,0,0,1
510,510,0.0,10.507857686453578,3.758647260273974,0.2920471841704719,1.051369863013699,1.0,0,0,1,1,0,0,1,1,0,1,0,0
511,511,0.0029204718417047,17.712661719939124,5.852625570776257,0.7301179604261797,1.051369863013699,1.0,1,0,1,0,1,1,0,1,0,0,1,0
512,512,0.0058409436834094,9.587909056316594,5.943160197869103,0.4322298325722983,1.051369863013699,1.0,1,0,1,0,1,1,0,1,0,0,0,1
513,513,0.0,6.220605022831052,19.46786529680366,0.2044330289193303,0.5256849315068495,1.0,0,0,1,0,1,1,0,1,0,0,1,0
514,514,0.0,16.982543759512943,10.7064497716895,0.9082667427701676,1.051369863013699,1.0,0,0,1,1,0,1,0,1,0,1,0,0
515,515,0.0087614155251141,10.122355403348555,10.011377473363778,0.4380707762557079,1.051369863013699,1.0,1,0,1,0,1,1,0,1,0,1,0,0
516,516,0.0058409436834094,5.931478310502285,4.766210045662102,0.3300133181126332,1.401826484018265,1.0,1,1,0,0,1,1,0,1,0,0,1,0
517,517,0.0,8.977530441400305,5.256849315068494,0.3592180365296804,1.051369863013699,0.0,0,0,1,0,1,0,1,1,0,0,1,0
518,518,0.0,13.6765696347032,5.592703576864537,0.540287290715373,1.051369863013699,1.0,0,0,1,1,0,1,0,1,0,0,1,0
519,519,0.0,9.929604261796046,0.0,0.2774448249619483,1.051369863013699,1.0,0,1,0,1,0,0,1,1,0,1,0,0
520,520,0.0058409436834094,6.401674277016744,5.087461948249621,0.1314212328767123,1.051369863013699,1.0,1,0,1,0,1,0,1,1,0,0,1,0
521,521,0.0,7.301179604261799,0.0,0.1606259512937595,1.051369863013699,1.0,1,0,1,1,0,1,0,1,0,0,1,0
522,522,0.0087614155251141,16.579518645357687,4.158751902587519,0.2920471841704719,1.051369863013699,1.0,1,0,1,0,1,1,0,0,1,1,0,0
523,523,0.0058409436834094,23.211910197869106,20.928101217656017,1.401826484018265,1.051369863013699,1.0,1,0,1,0,1,1,0,0,1,1,0,0
524,524,0.0,13.667808219178086,6.095024733637747,0.4275925968776997,1.051369863013699,1.0,0,0,1,1,0,1,0,1,0,0,1,0
525,525,0.0058409436834094,51.10825722983258,0.0,1.1681887366818875,1.051369863013699,1.0,1,0,1,0,1,1,0,0,1,1,0,0
526,526,0.0,11.024781202435316,0.0,0.321251902587519,1.051369863013699,1.0,1,0,1,0,1,1,0,1,0,0,1,0
527,527,0.0029204718417047,15.43469368340944,4.176274733637749,0.4701959665144598,1.051369863013699,0.0,1,0,1,0,1,0,1,1,0,0,1,0
528,528,0.0029204718417047,7.823944063926943,3.802454337899545,0.2745243531202436,1.051369863013699,1.0,1,0,1,1,0,0,1,1,0,0,1,0
529,529,0.0,19.809560502283112,0.0,0.3796613394216134,1.051369863013699,1.0,1,0,1,1,0,0,1,1,0,0,1,0
530,530,0.0,2.993483637747337,16.062595129375957,0.6308219178082193,1.051369863013699,1.0,1,0,1,0,1,1,0,1,0,1,0,0
531,531,0.0087614155251141,12.502539954337902,0.0,0.2920471841704719,1.051369863013699,1.0,1,0,1,0,1,1,0,1,0,0,0,1
532,532,0.0058409436834094,10.478652968036531,0.0,0.321251902587519,1.051369863013699,0.0,0,0,1,1,0,1,0,1,0,1,0,0
533,533,0.0029204718417047,32.85530821917809,0.0,0.572412480974125,1.051369863013699,1.0,0,0,1,1,0,1,0,1,0,0,1,0
534,534,0.0,53.05037100456623,0.0,0.3650589802130898,1.051369863013699,1.0,1,1,0,1,0,0,1,0,1,0,0,1
535,535,0.0,7.447203196347035,5.963603500761036,0.3679794520547946,1.051369863013699,1.0,1,0,1,1,0,0,1,1,0,1,0,0
536,536,0.0,17.91125380517504,11.407363013698632,0.946232876712329,1.051369863013699,1.0,1,0,1,0,1,1,0,1,0,0,0,1
537,537,0.0058409436834094,10.56334665144597,0.0,0.3124904870624049,1.051369863013699,1.0,1,0,1,1,0,1,0,1,0,0,1,0
538,538,0.0,8.519016362252666,1.5653729071537292,0.1927511415525114,1.051369863013699,1.0,0,0,1,0,1,0,1,1,0,1,0,0
539,539,0.0087614155251141,18.740667808219182,0.0,0.4585140791476409,0.5256849315068495,1.0,1,0,1,0,1,1,0,1,0,1,0,0
540,540,0.0029204718417047,13.457534246575346,8.308742389649925,0.4088660578386606,0.5256849315068495,1.0,1,1,0,0,1,1,0,1,0,0,1,0
541,541,0.0,6.243968797564689,0.0,0.2891267123287671,1.051369863013699,0.0,0,1,0,1,0,1,0,1,0,0,1,0
542,542,0.0029204718417047,10.665563165905631,0.0,0.2774448249619483,1.051369863013699,1.0,1,1,0,1,0,1,0,1,0,0,1,0
543,543,0.0029204718417047,6.5389364535768655,7.37127092846271,0.373820395738204,1.051369863013699,1.0,1,0,1,0,1,0,1,1,0,0,0,1
544,544,0.0,8.811063546423137,1.9362728310502288,0.2978881278538813,1.051369863013699,1.0,1,1,0,0,1,0,1,1,0,0,1,0
545,545,0.0,8.083866057838664,5.694920091324202,0.4526731354642315,1.051369863013699,1.0,1,0,1,0,1,1,0,1,0,1,0,0
546,546,0.0,9.806944444444447,0.0,0.2336377473363775,0.1051369863013698,1.0,0,0,1,1,0,0,1,1,0,0,1,0
547,547,0.0,7.37711187214612,5.207201293759513,0.4234684170471843,1.051369863013699,1.0,1,0,1,1,0,1,0,1,0,1,0,0
548,548,0.0,14.602359208523598,0.0,0.3008085996955861,1.051369863013699,0.0,0,1,0,1,0,1,0,1,0,0,1,0
549,549,0.0,8.133514079147645,5.8876712328767145,0.321251902587519,1.051369863013699,1.0,1,0,1,0,1,1,0,1,0,1,0,0
550,550,0.0058409436834094,19.3714897260274,0.0,0.4275925968776997,1.051369863013699,0.0,0,0,1,0,1,1,0,0,1,1,0,0
551,551,0.0029204718417047,7.27781582952816,6.936120624048708,0.4275925968776997,1.051369863013699,1.0,1,0,1,0,1,0,1,1,0,1,0,0
552,552,0.0029204718417047,9.73393264840183,9.491533485540335,0.4614345509893456,1.051369863013699,1.0,1,0,1,0,1,1,0,1,0,0,0,1
553,553,0.0,7.166837899543381,6.81346080669711,0.5286054033485541,1.051369863013699,0.0,0,0,1,0,1,0,1,1,0,0,0,1
554,554,0.0,10.493255327245055,12.458732876712332,0.3855022831050229,0.5256849315068495,0.0,0,0,1,0,1,1,0,1,0,1,0,0
555,555,0.0029204718417047,15.969140030441404,3.0139269406392697,0.0759322678843227,1.051369863013699,1.0,1,0,1,0,1,1,0,1,0,0,1,0
556,556,0.0,7.788898401826487,4.745766742770169,0.2453196347031964,1.051369863013699,1.0,1,1,0,1,0,1,0,1,0,0,0,1
557,557,0.0087614155251141,29.610664003044143,0.0,0.7593226788432268,1.051369863013699,1.0,1,0,1,0,1,1,0,0,1,0,1,0
558,558,0.0,11.35187404870624,7.794739345509895,0.4731164383561645,1.051369863013699,1.0,1,0,1,0,1,1,0,1,0,0,1,0
559,559,0.0,12.207572298325726,6.734608066971082,0.5315258751902588,1.051369863013699,1.0,1,1,0,0,1,1,0,1,0,0,1,0
560,560,0.0058409436834094,10.732734018264845,0.706754185692542,0.3154109589041096,1.051369863013699,1.0,1,0,1,0,1,0,1,1,0,0,1,0
561,561,0.0029204718417047,56.902473363774746,0.0,1.7522831050228316,1.051369863013699,1.0,1,1,0,0,1,1,0,0,1,0,1,0
562,562,0.0,17.29795471841705,5.9986491628614935,0.6162195585996956,1.051369863013699,1.0,1,0,1,0,1,1,0,1,0,1,0,0
563,563,0.0,16.938736681887367,0.0,0.3855022831050229,1.051369863013699,1.0,1,0,1,1,0,0,1,0,1,0,1,0
564,564,0.0058409436834094,25.697231735159825,0.0,0.7534817351598174,1.051369863013699,0.0,0,0,1,0,1,1,0,1,0,0,0,1
565,565,0.0,13.04574771689498,0.0,0.3504566210045662,1.051369863013699,1.0,1,0,1,0,1,0,1,1,0,1,0,0
566,566,0.0,9.73393264840183,0.0,0.2044330289193303,1.051369863013699,1.0,1,0,1,1,0,1,0,1,0,0,0,1
567,567,0.0087614155251141,9.929604261796046,7.301179604261799,0.3592180365296804,1.051369863013699,0.0,0,0,1,0,1,1,0,1,0,1,0,0
568,568,0.0,6.944882039573821,0.0,0.0262842465753424,1.051369863013699,1.0,0,1,0,1,0,1,0,1,0,0,0,1
569,569,0.0,9.24621385083714,6.027853881278539,0.3037290715372908,1.051369863013699,0.0,0,0,1,0,1,1,0,1,0,0,0,1
570,570,0.0029204718417047,9.979252283105025,5.110825722983259,0.5432077625570777,1.051369863013699,1.0,1,0,1,0,1,1,0,1,0,0,0,1
571,571,0.0,14.941133942161342,4.237604642313547,0.4818778538812786,1.051369863013699,0.0,0,0,1,0,1,1,0,1,0,0,0,1
572,572,0.0058409436834094,48.672583713850855,0.0,0.8031297564687978,1.051369863013699,1.0,1,0,1,0,1,1,0,1,0,0,0,1
573,573,0.0058409436834094,17.887890030441405,4.745766742770169,0.5461282343987824,1.401826484018265,1.0,0,0,1,0,1,0,1,1,0,0,1,0
574,574,0.0087614155251141,18.70854261796043,0.0,0.4380707762557079,1.051369863013699,1.0,0,0,1,0,1,1,0,1,0,0,1,0
575,575,0.0058409436834094,9.225770547945206,1.3463375190258755,0.3154109589041096,0.2453196347031964,1.0,1,0,1,0,1,1,0,1,0,0,0,1
576,576,0.0,9.01549657534247,6.454242770167429,0.3971841704718418,1.051369863013699,0.0,0,0,1,0,1,1,0,1,0,0,1,0
577,577,0.0,9.430203576864535,7.999172374429227,0.321251902587519,1.051369863013699,1.0,1,0,1,1,0,1,0,1,0,0,0,1
578,578,0.0029204718417047,5.20428082191781,6.518493150684933,0.3124904870624049,1.051369863013699,1.0,1,0,1,0,1,1,0,1,0,1,0,0
579,579,0.0,9.292941400304416,8.519016362252666,0.4701959665144598,1.051369863013699,1.0,1,0,1,1,0,1,0,1,0,0,0,1
580,580,0.0058409436834094,19.099885844748854,0.0,0.5986967275494676,1.051369863013699,1.0,1,0,1,0,1,1,0,1,0,0,1,0
581,581,0.0,5.361986301369864,98.82000570776258,0.2628424657534247,1.051369863013699,1.0,0,0,1,1,0,1,0,1,0,0,0,1
582,582,0.0,9.24621385083714,0.0,0.1051369863013698,1.051369863013699,1.0,1,1,0,0,1,1,0,1,0,0,1,0
583,583,0.0029204718417047,5.490487062404871,0.0,0.1781487823439879,1.051369863013699,1.0,0,0,1,0,1,1,0,1,0,1,0,0
584,584,0.0029204718417047,8.139355022831053,5.598544520547946,0.426388888888889,1.051369863013699,0.0,0,0,1,0,1,1,0,1,0,1,0,0
585,585,0.0029204718417047,12.508380898021311,8.761415525114158,0.5023211567732117,0.2453196347031964,1.0,0,0,1,0,1,1,0,1,0,1,0,0
586,586,0.0,6.70832382039574,4.444958143074582,0.3037290715372908,1.051369863013699,1.0,1,0,1,0,1,1,0,1,0,0,0,1
587,587,0.0,6.322821537290716,0.0,0.2044330289193303,1.051369863013699,1.0,1,1,0,1,0,0,1,1,0,0,1,0
588,588,0.0,13.872241248097415,0.0,0.2745243531202436,1.051369863013699,1.0,1,0,1,1,0,1,0,1,0,0,1,0
589,589,0.0058409436834094,7.961206240487064,0.0,0.3095700152207002,1.051369863013699,0.0,0,0,1,0,1,1,0,0,1,0,1,0
590,590,0.0,8.761415525114158,9.97633181126332,0.1635464231354642,0.5256849315068495,1.0,1,0,1,0,1,1,0,1,0,0,1,0
591,591,0.0058409436834094,17.522831050228316,0.0,0.5986967275494676,0.7009132420091325,1.0,0,0,1,0,1,1,0,0,1,0,1,0
592,592,0.0087614155251141,27.32685502283105,0.0,0.852777777777778,1.051369863013699,1.0,1,0,1,1,0,1,0,0,1,0,1,0
593,593,0.0,11.270100837138513,9.637557077625573,0.4147070015220701,0.5256849315068495,1.0,1,0,1,0,1,1,0,1,0,1,0,0
594,594,0.0,47.07800608828007,0.0,0.7593226788432268,1.051369863013699,1.0,1,0,1,0,1,1,0,0,1,0,0,1
595,595,0.0,11.19416856925419,0.0,0.321251902587519,1.051369863013699,1.0,1,0,1,1,0,0,1,1,0,1,0,0
596,596,0.0058409436834094,18.641371765601225,2.920471841704719,0.5461282343987824,1.051369863013699,1.0,0,0,1,0,1,0,1,0,1,1,0,0
597,597,0.0,8.723449391171997,0.0,0.2570015220700152,1.051369863013699,0.0,0,0,1,1,0,1,0,1,0,0,1,0
598,598,0.0,29.096660958904117,0.0,0.5256849315068495,1.051369863013699,1.0,1,0,1,0,1,1,0,0,1,1,0,0
599,599,0.0058409436834094,16.880327245053277,0.0,0.560730593607306,1.051369863013699,1.0,1,0,1,0,1,1,0,1,0,0,0,1
600,600,0.0087614155251141,1.2149162861491631,121.68730022831052,1.0221651445966518,0.5256849315068495,1.0,0,1,0,1,0,1,0,1,0,0,0,1
601,601,0.0,8.451845509893456,8.153957382039575,0.4526731354642315,1.051369863013699,1.0,1,0,1,0,1,0,1,1,0,1,0,0
602,602,0.0087614155251141,16.655450913242017,0.0,0.373820395738204,1.051369863013699,1.0,1,0,1,0,1,1,0,1,0,0,0,1
603,603,0.0,10.735654490106546,12.560949391171995,0.5023211567732117,1.051369863013699,1.0,1,0,1,1,0,1,0,1,0,1,0,0
604,604,0.0029204718417047,35.04566210045663,0.0,1.448554033485541,1.051369863013699,1.0,1,1,0,0,1,1,0,1,0,0,1,0
605,605,0.0,7.009132420091326,11.09779299847793,0.4275925968776997,0.5256849315068495,1.0,0,0,1,0,1,0,1,1,0,0,0,1
606,606,0.0029204718417047,9.929604261796046,7.301179604261799,0.5052416286149165,1.051369863013699,1.0,1,0,1,0,1,1,0,1,0,0,1,0
607,607,0.0058409436834094,11.643921232876714,4.120785768645359,0.4585140791476409,1.051369863013699,1.0,1,0,1,0,1,0,1,1,0,1,0,0
608,608,0.0,9.43896499238965,5.694920091324202,0.3154109589041096,1.051369863013699,1.0,1,0,1,0,1,1,0,1,0,1,0,0
609,609,0.0,8.469368340943683,0.0,0.207353500761035,1.051369863013699,1.0,1,1,0,1,0,1,0,1,0,1,0,0
610,610,0.0087614155251141,11.991457382039576,0.0,0.1168188736681887,0.5256849315068495,1.0,1,0,1,0,1,1,0,1,0,1,0,0
611,611,0.0029204718417047,23.574048706240493,0.7009132420091325,0.7388793759512939,1.051369863013699,1.0,1,0,1,0,1,1,0,1,0,0,0,1
612,612,0.0058409436834094,22.145937975646884,0.0,0.5461282343987824,1.051369863013699,1.0,1,0,1,0,1,1,0,1,0,0,0,1
613,613,0.0,13.384522450532728,0.0,0.3884227549467277,1.051369863013699,0.0,0,1,0,1,0,1,0,0,1,0,1,0
